id_video,id_commento,autore,testo,like,risposte,data
7684317994289270036,7686561881457623826,perrfe,why dypers when leo is a toddler already,10,3,2026-09-17T17:49:25.000Z
7684317994289270036,7687714000025027346,haneenehab552,"this series look so good
I can't believe I watching this ai series and Excited to watch more 😂😂",46,1,2026-09-20T20:19:38.000Z
7684317994289270036,7684987036713485074,dimakatso9910,I know she was doing it for her health but she was still so pretty.,349,2,2026-09-13T11:54:50.000Z
7684317994289270036,7686517195405312775,zxzx.tephy,you are the savior thankyou,78,0,2026-09-17T14:52:40.000Z
7684317994289270036,7684744147878282004,darlene.82,You’re such a wonderful person 🥺❤️❤️thank you for posting this,104,1,2026-09-12T20:12:25.000Z
7684317994289270036,7686038006096200466,daphney.moshome,I loved her better when she was chubby she was more beautiful then but shes still pretty now💖,43,2,2026-09-16T07:53:03.000Z
7684317994289270036,7685171305625305863,minalayna_,I like this story its sooo cute😍,138,0,2026-09-13T23:50:12.000Z
7684317994289270036,7687568621375423239,vilonsu,Почему он как Люцифер из кр,31,0,2026-09-20T10:52:40.000Z
7684317994289270036,7687734444245877526,riraf8,Were they playing with medication boxes at the end? 😂,3,0,2026-09-20T21:36:35.000Z
7684317994289270036,7686902955568841490,sunsetlara007,I want luca. Nora you lucky girl,10,0,2026-09-18T15:49:42.000Z
7643588557881347360,7665710241829913364,_bebii4_,"Mafia ❎
Maifa✅",49,2,2026-07-23T13:11:08.000Z
7643588557881347360,7648611057146020630,r1ck_hards_rich,How can you misspell ONE word,438,1,2026-06-07T11:17:32.000Z
7643588557881347360,7654970908633039637,bld8147,böyle birşey değil yanlız,190,0,2026-06-24T14:36:53.000Z
7643588557881347360,7655061907498566407,cristianlxr9,:manifesto 🍀manifiesto 🍀🍀manifiesto 🍀🍀manifiesto 🍀🍀manifiesto 🍀🍀manifiesto 🍀🍀manifiesto 🍀🍀manifiesto 🍀🍀manifiesto 🍀🍀manifiesto 🍀🍀manifiesto 🍀🍀manifiesto 🍀🍀manifiesto 🍀🍀manifiesto 🍀🍀manifiesto 🍀🍀manifiesto 🍀🍀manifiesto 🍀🍀manifiesto 🍀🍀manifiesto 🍀🍀manifiesto 🍀🍀manifiesto 🍀🍀manifiesto 🍀🍀manifiesto 🍀🍀manifiesto 🍀🍀manifiesto 🍀🍀manifiesto 🍀🍀manifiesto 🍀🍀manifiesto 🍀🍀manifiesto 🍀🍀manifiesto 🍀🍀manifiesto 🍀🍀manifiesto 🍀🍀manifiesto 🍀🍀manifiesto 🍀🍀manifiesto 🍀🍀manifiesto 🍀🍀manifiesto 🍀🍀manifiesto 🍀🍀manifiesto 🍀🍀manifiesto 🍀🍀manifiesto 🍀🍀manifiesto 🍀🍀manifiesto 🍀🍀manifiesto 🍀🍀manifiesto 🍀🍀manifiesto 🍀🍀manifiesto 🍀🍀manifiesto 🍀🍀manifiesto 🍀🍀manifiesto 🍀🍀manifiesto 🍀🍀manifiesto 🍀🍀manifiesto 🍀🍀manifiesto 🍀🍀manifiesto 🍀🍀manifiesto 🍀🍀manifiesto 🍀🍀manifiesto 🍀🍀manifiesto 🍀🍀manifiesto 🍀🍀manifiesto 🍀🍀manifiesto 🍀🍀manifiesto 🍀🍀manifiesto 🍀🍀manifiesto 🍀🍀manifiesto 🍀🍀manifiesto 🍀🍀manifiesto 🍀🍀manifiesto 🍀🍀manifiesto 🍀🍀manifiesto 🍀🍀manifiesto 🍀🍀manifiesto 🍀🍀manifiesto 🍀🍀manifiesto 🍀🍀manifiesto 🍀🍀manifiesto 🍀🍀manifiesto 🍀🍀manifiesto 🍀🍀manifiesto 🍀🍀manifiesto 🍀🍀manifiesto 🍀🍀manifiesto 🍀🍀manifiesto 🍀🍀manifiesto 🍀🍀manifiesto 🍀🍀manifiesto 🍀🍀manifiesto 🍀🍀manifiesto 🍀🍀manifiesto 🍀🍀manifiesto 🍀🍀manifiesto 🍀🍀manifiesto 🍀🍀manifiesto 🍀🍀manifiesto 🍀🍀manifiesto 🍀🍀manifiesto 🍀🍀manifiesto 🍀🍀manifiesto 🍀🍀manifiesto 🍀🍀manifiesto 🍀🍀manifiesto 🍀🍀manifiesto 🍀🍀manifiesto 🍀🍀manifiesto 🍀🍀manifiesto 🍀🍀manifiesto 🍀🍀manifiesto 🍀🍀manifiesto 🍀🍀manifiesto 🍀🍀manifiesto 🍀🍀manifiesto 🍀🍀manifiesto 🍀🍀manifiesto 🍀🍀manifiesto 🍀🍀manifiesto 🍀🍀manifiesto 🍀🍀manifiesto 🍀🍀manifiesto 🍀🍀manifiesto 🍀🍀manifiesto 🍀🍀manifiesto 🍀🍀manifiesto 🍀🍀manifiesto 🍀🍀manifiesto 🍀🍀manifiesto 🍀🍀manifiesto 🍀🍀manifiesto 🍀🍀manifiesto 🍀🍀manifiesto 🍀🍀manifiesto 🍀🍀manifiesto 🍀🍀manifiesto 🍀🍀manifiesto 🍀🍀manifiesto 🍀🍀manifiesto 🍀🍀manifiesto 🍀🍀manifiesto 🍀🍀manifiesto 🍀🍀manifiesto 🍀🍀manifiesto 🍀🍀manifiesto 🍀🍀manifiesto 🍀,68,0,2026-06-24T20:30:08.000Z
7643588557881347360,7652471390243980054,martiqbeksv,il non sapere,44,0,2026-06-17T20:57:36.000Z
7643588557881347360,7654928209578165009,trkoglu_10,Cidden böyle bi şey sanıyosunuz ya 😂,786,5,2026-06-24T11:51:12.000Z
7643588557881347360,7671342242977055496,lo__gann.ams,"Derrière y’a du sang, des larmes et plein de cadavres.",11,0,2026-08-07T17:26:07.000Z
7643588557881347360,7653180361744384789,melinu27,Allah'ım lütfen lütfen lütfen beni bulsun,212,4,2026-06-19T18:48:44.000Z
7643588557881347360,7655051417535120136,aysegullyanikk,boyle bisey degil abi,21,0,2026-06-24T19:49:23.000Z
7643588557881347360,7654790603377836808,isnoee_7,le quedó todo bien pero dice maifa😳,0,0,2026-06-24T02:57:27.000Z
7688486483757387015,7688488068151870230,diarybyarisa,Baby Sophia is adorableeeeee🥰🥰🥰,11,0,2026-09-22T22:21:14.000Z
7688486483757387015,7688892560828318472,oxtarina,"Gmna sih carany supaya bisa b indo, ak dri awal b ing aja bisa ny 😭😭",0,3,2026-09-24T00:30:35.000Z
7688486483757387015,7688532240959734535,arizona21495,cute baby Sofia 🥰,3,0,2026-09-23T01:12:12.000Z
7688486483757387015,7688723450849133325,chronicallyonlinealien,Such a good show ❤️,0,0,2026-09-23T13:35:33.000Z
7688486483757387015,7688761387699454726,afolabvw9h7,next,0,0,2026-09-23T16:01:15.000Z
7688486483757387015,7688772195250553606,ona20520p69,الباقي,0,0,2026-09-23T16:43:10.000Z
7688486483757387015,7688487790188167943,aminabenraghda,ممكن ترجمة,1,0,2026-09-22T22:19:59.000Z
7688486483757387015,7688524972772836116,fahirra4,gak bisa lagi terjemahan bahasa Indonesia,0,6,2026-09-23T00:44:27.000Z
7688486483757387015,7688555686422676231,eyangibusri,next,0,0,2026-09-23T02:43:04.000Z
7688486483757387015,7688557099933090574,_hotgirlsread,IT 👏🏼IS 👏🏼HIS 👏🏼BLOOD 👏🏼SISTERS 👏🏼KID👏🏼👏🏼👏🏼👏🏼👏🏼👏🏼👏🏼👏🏼👏🏼👏🏼,2,0,2026-09-23T02:48:52.000Z
