posizione,titolo,data_pubblicazione,url,descrizione,file_testo,csv_origine
4,"I mafiosi sono virali su TikTok, perché hanno capito come sfruttare l'algoritmo per farsi propaganda online",2025-10-16,https://www.wired.it/article/mafia-tiktok-video-emoji-trucchi-algoritmo/,"La mafia su TikTok è virale. Ecco tutti i trucchi che sfrutta per farsi propaganda online. Lyp sinc, citazioni di film, lusso ostentato e un lessico delle emoji ...Read more",utilizzo_di_tiktok_da_parte_della_criminalità_organizzata_in_italia/i_mafiosi_sono_virali_su_tiktok_perché_hanno_capito_come_sfruttare_l_algoritmo_p.txt,utilizzo_di_tiktok_da_parte_della_criminalità_organizzata_in_italia.csv; utilizzo_di_tiktok_da_parte_della_camorra.csv; utilizzo_di_tiktok_da_parte_di_cosa_nostra.csv; utilizzo_di_tiktok_da_parte_della_ndrangheta.csv
13,Presentato il Convegno “Criminalità nazionale e transnazionale: strumenti e obiettivi in Italia e in Europa”,2025-09-16,https://www.unime.it/notizie/presentato-il-convegno-criminalita-nazionale-e-transnazionale-strumenti-e-obiettivi-italia,La Sala Senato dell'Ateneo ha ospitato la conferenza stampa di presentazione del Convegno “Criminalità nazionale e transnazionale: strumenti e obiettivi in ...Read more,utilizzo_di_tiktok_da_parte_della_criminalità_organizzata_in_italia/presentato_il_convegno_criminalità_nazionale_e_transnazionale_strumenti_e_obiett.txt,utilizzo_di_tiktok_da_parte_della_criminalità_organizzata_in_italia.csv
14,Gratteri: “Così la mafia usa TikTok per reclutare i giovani”,2023-11-13,https://www.lastampa.it/cronaca/2023/11/13/news/gratteri_la_mafia_diventa_social_usa_tiktok_per_attrarre_giovani_in_cerca_di_soldi-13857939/,"Secondo l'esperto di mafie, i social contribuiscono all'evoluzione del sistema comunicativo delle mafie e alla diffusione delle droghe.",utilizzo_di_tiktok_da_parte_della_criminalità_organizzata_in_italia/gratteri_così_la_mafia_usa_tiktok_per_reclutare_i_giovani.txt,utilizzo_di_tiktok_da_parte_della_criminalità_organizzata_in_italia.csv
18,Per il bene confiscato di via Anderlini 35 proposte di attività,2025-12-30,https://www.comune.modena.it/novita/comunicati/2025/12/per-il-bene-confiscato-di-via-anderlini-35-proposte-di-attivita,Sono 35 le proposte per l'uso del bene confiscato alla criminalità di via Anderlini 89/D arrivate in risposta all'avviso pubblico del Comune di Modena e ...Read more,utilizzo_di_tiktok_da_parte_della_criminalità_organizzata_in_italia/per_il_bene_confiscato_di_via_anderlini_35_proposte_di_attività.txt,utilizzo_di_tiktok_da_parte_della_criminalità_organizzata_in_italia.csv
19,"TikTok Italia lancia la guerra alla “mafia social”: al setaccio hashtag, emoji e clip a sfondo criminale",2025-07-02,https://www.lasicilia.it/news/cronaca/2547774/tiktok-italia-lancia-la-guerra-alla-mafia-social-al-setaccio-hashtag-emoji-e-clip-a-sfondo-criminale.html,"TikTok Italia lancia la guerra alla “mafia social”: al setaccio hashtag, emoji e clip a sfondo criminale. Firmato ieri un accordo con la Commissione nazionale ...Read more",utilizzo_di_tiktok_da_parte_della_criminalità_organizzata_in_italia/tiktok_italia_lancia_la_guerra_alla_mafia_social_al_setaccio_hashtag_emoji_e_cli.txt,utilizzo_di_tiktok_da_parte_della_criminalità_organizzata_in_italia.csv
21,Gestione beni confiscati alla Mafia,2026-06-16,https://www.comune.bagheria.pa.it/it/page/gestione-beni-confiscati-alla-mafia,"L'idea di immettere nel circuito economico legale dei beni, dopo averli sottratti alla criminalità organizzata, è abbastanza recente; infatti, solo nel 1982, ...Read more",utilizzo_di_tiktok_da_parte_della_criminalità_organizzata_in_italia/gestione_beni_confiscati_alla_mafia.txt,utilizzo_di_tiktok_da_parte_della_criminalità_organizzata_in_italia.csv
22,"Università di Bologna, rischio 'deriva culturale mafiosa' negli algoritmi di TikTok - Notizie - Ansa.it",2026-08-21,https://www.ansa.it/sito/notizie/cronaca/2026/08/21/universita-di-bologna-rischio-deriva-culturale-mafiosa-negli-algoritmi-di-tiktok_9e7bce8b-51de-4df0-ad8b-68a0b557bc72.html,"Università di Bologna, rischio 'deriva culturale mafiosa' negli algoritmi di TikTok. Studio condotto dall'Ateneo e pubblicato sulla rivista 'Crime Media Culture ...Read more",utilizzo_di_tiktok_da_parte_della_criminalità_organizzata_in_italia/università_di_bologna_rischio_deriva_culturale_mafiosa_negli_algoritmi_di_tiktok.txt,utilizzo_di_tiktok_da_parte_della_criminalità_organizzata_in_italia.csv
25,"Canzoni trap e TikTok, in arrivo il divieto assoluto di esaltare i criminali: 3 anni di carcere e 10.000 euro di multa",2026-03-19,https://www.brocardi.it/notizie-giuridiche/canzoni-trap-tiktok-arrivo-divieto-assoluto-esaltare-criminali-anni/6667.html,"Canzoni trap e TikTok, in arrivo il divieto assoluto di esaltare i criminali: 3 anni di carcere e 10.000 euro di multa. • Diritto penale - 19/03/2026 - DOTT.Read more",utilizzo_di_tiktok_da_parte_della_criminalità_organizzata_in_italia/canzoni_trap_e_tiktok_in_arrivo_il_divieto_assoluto_di_esaltare_i_criminali_3_an.txt,utilizzo_di_tiktok_da_parte_della_criminalità_organizzata_in_italia.csv
27,"Dalla cultura calabrese alla 'ndrangheta, uno studio di una prof dell'Unibo analizza la “deriva culturale mafiosa"" attaverso Tik Tok - Gazzetta di Bologna",2026-08-21,https://gazzettadibologna.it/inchieste/tiktok-ndrangheta-studio-deriva-culturale-mafiosa/,"TikTok e 'ndrangheta, uno studio pubblicato su Crime, Media, Culture analizza il rischio di una “deriva culturale mafiosa” attraverso gli algoritmi.",utilizzo_di_tiktok_da_parte_della_criminalità_organizzata_in_italia/dalla_cultura_calabrese_alla_ndrangheta_uno_studio_di_una_prof_dell_unibo_analiz.txt,utilizzo_di_tiktok_da_parte_della_criminalità_organizzata_in_italia.csv
28,La criminalità giovanile. Fra rappresentazione e realtà - Eurispes,2026-06-16,https://eurispes.eu/news/la-criminalita-giovanile-fra-rappresentazione-e-realta/,"La criminalità organizzata, inclusa la mafia, è indicata nel 26,1% dei casi come seconda fonte di minaccia più rilevante, mentre le gang giovanili sono ...Read more",utilizzo_di_tiktok_da_parte_della_criminalità_organizzata_in_italia/la_criminalità_giovanile_fra_rappresentazione_e_realtà_eurispes.txt,utilizzo_di_tiktok_da_parte_della_criminalità_organizzata_in_italia.csv
32,Matrimoni tra clan mafiosi: uno studio di Milano-Bicocca rivela il loro ruolo strategico,2026-05-07,https://www.unimib.it/comunicati/matrimoni-clan-mafiosi-studio-milano-bicocca-rivela-loro-ruolo-strategico,Una nuova analisi dei matrimoni interfamiliari all'interno dell'organizzazione mafiosa della 'Ndrangheta suggerisce che i legami matrimoniali tra famiglie meno ...,utilizzo_di_tiktok_da_parte_della_criminalità_organizzata_in_italia/matrimoni_tra_clan_mafiosi_uno_studio_di_milano_bicocca_rivela_il_loro_ruolo_str.txt,utilizzo_di_tiktok_da_parte_della_criminalità_organizzata_in_italia.csv; utilizzo_di_tiktok_da_parte_della_ndrangheta.csv
35,Il crimine organizzato all’epoca della società digitale,2025-05-22,https://www.unictmagazine.unict.it/il-crimine-organizzato-allepoca-della-societa-digitale,"Al Dipartimento di Giurisprudenza è intervenuto Nicola Gratteri, procuratore della Repubblica di Napoli.",utilizzo_di_tiktok_da_parte_della_criminalità_organizzata_in_italia/il_crimine_organizzato_all_epoca_della_società_digitale.txt,utilizzo_di_tiktok_da_parte_della_criminalità_organizzata_in_italia.csv
36,SCICO Guardia di Finanza: il Reparto Speciale contro la criminalità organizzata,2025-01-02,https://www.nissolinocorsi.it/scico-guardia-di-finanza/,"Lo SCICO GdF, il cui nome completo è Servizio Centrale di Investigazione sulla Criminalità Organizzata, nasce proprio per tali motivi: combattere le attività di ...",utilizzo_di_tiktok_da_parte_della_criminalità_organizzata_in_italia/scico_guardia_di_finanza_il_reparto_speciale_contro_la_criminalità_organizzata.txt,utilizzo_di_tiktok_da_parte_della_criminalità_organizzata_in_italia.csv; utilizzo_di_tiktok_da_parte_della_ndrangheta.csv
47,L'Italia e le E-Evidence: architettura tecnico-giuridica del nuovo ecosistema investigativo transfrontaliero - ICT Security Magazine,2025-11-07,https://www.ictsecuritymagazine.com/articoli/e-evidence/,L'Italia e il sistema E-Evidence: cooperazione europea sulle prove digitali e tutela dei diritti nel nuovo ecosistema investigativo.,utilizzo_di_tiktok_da_parte_della_criminalità_organizzata_in_italia/l_italia_e_le_e_evidence_architettura_tecnico_giuridica_del_nuovo_ecosistema_inv.txt,utilizzo_di_tiktok_da_parte_della_criminalità_organizzata_in_italia.csv
48,Gli “zombie” di Roma sono davvero fentanyl? Abbiamo verificato cosa sta succedendo,2026-09-29,https://www.mondosanita.it/news/salute/110856/gli-zombie-di-roma-sono-davvero-fentanyl-abbiamo-verificato-cosa-sta-succedendo.html,Dall'Ospedale Israelitico sono scomparse 80 fiale di fentanyl custodite nella farmacia della struttura. La Procura ha aperto un'indagine per furto e detenzione ...Read more,utilizzo_di_tiktok_da_parte_della_criminalità_organizzata_in_italia/gli_zombie_di_roma_sono_davvero_fentanyl_abbiamo_verificato_cosa_sta_succedendo.txt,utilizzo_di_tiktok_da_parte_della_criminalità_organizzata_in_italia.csv
49,Quattro chiacchiere con Roberto Casalini - L’autore di Sangue Italiano risponde a qualche domanda sulla storia e sull’evoluzione della criminalità in Italia,2026-10-02,https://neripozza.it/blog/350/quattro-chiacchiere-con-roberto-casalini,L'autore di Sangue Italiano risponde a qualche domanda sulla storia e sull'evoluzione della criminalità in Italia.,utilizzo_di_tiktok_da_parte_della_criminalità_organizzata_in_italia/quattro_chiacchiere_con_roberto_casalini_l_autore_di_sangue_italiano_risponde_a.txt,utilizzo_di_tiktok_da_parte_della_criminalità_organizzata_in_italia.csv
53,Da bene confiscato a rifugio per rinascere,2025-05-16,https://www.actionaid.it/bene-confiscato-rifugio-rinascere/,"A Salerno, le studentesse e gli studenti monitorano un progetto contro la violenza di genere. La quarta puntata del podcast “La Mia Parte"".",utilizzo_di_tiktok_da_parte_della_criminalità_organizzata_in_italia/da_bene_confiscato_a_rifugio_per_rinascere.txt,utilizzo_di_tiktok_da_parte_della_criminalità_organizzata_in_italia.csv
55,Conclusi i lavori della conferenza “The Effect of Organized Crime on Firm Technical Efficiency and R&D Investments”,2026-03-03,https://www.unime.it/notizie/conclusi-i-lavori-della-conferenza-effect-organized-crime-firm-technical-efficiency-and-rd,"Si è svolta il 26 febbraio 2026, presso l'Aula Magna 2 del Dipartimento di Economia dell'Università di Messina, la Final Conference del progetto PRIN 2022 ...Read more",utilizzo_di_tiktok_da_parte_della_criminalità_organizzata_in_italia/conclusi_i_lavori_della_conferenza_the_effect_of_organized_crime_on_firm_technic.txt,utilizzo_di_tiktok_da_parte_della_criminalità_organizzata_in_italia.csv
58,"Criminalità giovanile, per l’85% degli italiani pesa famiglia assente",2026-06-16,https://tg24.sky.it/cronaca/2026/06/16/criminalita-giovanile-indagine-eurispes,"L'indagine è stata realizzata anche con il contributo di dati fornito dal Servizio Analisi Criminale della Direzione Centrale della Polizia Criminale, che ...Read more",utilizzo_di_tiktok_da_parte_della_criminalità_organizzata_in_italia/criminalità_giovanile_per_l_85_degli_italiani_pesa_famiglia_assente.txt,utilizzo_di_tiktok_da_parte_della_criminalità_organizzata_in_italia.csv
60,La violenza giovanile in Italia oggi non riguarda più solo le periferie: come è cambiato il mondo delle gang dalla pandemia a TikTok,2026-05-29,https://www.open.online/2026/05/29/come-cambia-violenza-giovanile-italia/,"L'impennata dei reati violenti tra i minori dopo la crisi pandemica, il peso della spettacolarizzazione sui social e la fine del mito della devianza ...",utilizzo_di_tiktok_da_parte_della_criminalità_organizzata_in_italia/la_violenza_giovanile_in_italia_oggi_non_riguarda_più_solo_le_periferie_come_è_c.txt,utilizzo_di_tiktok_da_parte_della_criminalità_organizzata_in_italia.csv
63,Servizi alle Persone con disabilità (Legge 68/99) - ARTI Centri per l’Impiego della Toscana - Open Toscana,2025-12-18,https://arti.toscana.it/-/servizi-alle-persone-con-disabilita-legge-68/99-,Presso i Centri per l'Impiego sono disponibili appositi Servizi dedicati alle persone con disabilità ed alle altre categorie protette previste dalla legge ...Read more,utilizzo_di_tiktok_da_parte_della_criminalità_organizzata_in_italia/servizi_alle_persone_con_disabilità_legge_68_99_arti_centri_per_l_impiego_della.txt,utilizzo_di_tiktok_da_parte_della_criminalità_organizzata_in_italia.csv
67,TikTok raggiunge il primo accordo a livello statale sulle accuse relative alla sicurezza degli adolescenti e accetta limiti per gli utenti,2026-09-26,https://it.marketscreener.com/notizie/tiktok-raggiunge-il-primo-accordo-con-uno-stato-sulle-accuse-relative-alla-sicurezza-degli-adolescen-ce785adcd989f223,"Venerdì l'Alabama ha annunciato di aver raggiunto un accordo con TikTok e la società madre cinese ByteDance, che impone alla piattaforma social nuovi limiti ...",utilizzo_di_tiktok_da_parte_della_criminalità_organizzata_in_italia/tiktok_raggiunge_il_primo_accordo_a_livello_statale_sulle_accuse_relative_alla_s.txt,utilizzo_di_tiktok_da_parte_della_criminalità_organizzata_in_italia.csv
73,Mauro Caroccia interrogato dai pm: 'Delmastro ci ha fatto beneficenza',2026-04-01,https://tg24.sky.it/cronaca/2026/04/01/caroccia-miriam-mauro-interrogatorio-delmastro-news,"Mauro e Miriam Caroccia, padre e figlia, sono indagati per riciclaggio e intestazione fittizia di beni per la srl ""Le 5 Forchette"" e l'apertura del ...Read more",utilizzo_di_tiktok_da_parte_della_criminalità_organizzata_in_italia/mauro_caroccia_interrogato_dai_pm_delmastro_ci_ha_fatto_beneficenza.txt,utilizzo_di_tiktok_da_parte_della_criminalità_organizzata_in_italia.csv
77,I social network sotto accusa negli USA,2024-05-19,https://icsilmilione-suzzara.edu.it/i-social-network-sotto-accusa-negli-usa/,"Gli amministratori delegati di Facebook, Instagram, TikTok, Snap e Discord sono finiti sotto accusa da parte dei senatori americani, durante un'audizione ...",utilizzo_di_tiktok_da_parte_della_criminalità_organizzata_in_italia/i_social_network_sotto_accusa_negli_usa.txt,utilizzo_di_tiktok_da_parte_della_criminalità_organizzata_in_italia.csv
83,Dai pizzini ai post. Claudio Cordova presenta “Criminalità socializzata” su #Contagiamocidicultura,2025-10-15,https://www.avvisopubblico.it/home/dai-pizzini-ai-post-claudio-cordova-presenta-criminalita-socializzata-su-contagiamocidicultura/,"Con questa immagine emblematica, il giornalista investigativo Claudio Cordova ci accompagna nel cuore oscuro della trasformazione digitale della criminalità ...Read more",utilizzo_di_tiktok_da_parte_della_criminalità_organizzata_in_italia/dai_pizzini_ai_post_claudio_cordova_presenta_criminalità_socializzata_su_contagi.txt,utilizzo_di_tiktok_da_parte_della_criminalità_organizzata_in_italia.csv
85,Giovani: “epidemia” di suicidi in Europa. Occhio ai social,2025-11-05,https://www.metropolitano.it/giovani-epidemia-di-suicidi-in-europa-occhio-ai-social/,"l rapporto di Eurofound: nel 2021, il sorpasso dei suicidi sugli incidenti stradali come prima causa di morte tra i giovani.",utilizzo_di_tiktok_da_parte_della_criminalità_organizzata_in_italia/giovani_epidemia_di_suicidi_in_europa_occhio_ai_social.txt,utilizzo_di_tiktok_da_parte_della_criminalità_organizzata_in_italia.csv
87,La nuova comunicazione mafiosa tra social media e cybercrime - Treccani,2023-12-14,https://www.treccani.it/magazine/lingua_italiana/articoli/scritto_e_parlato/comunicazione_mafiosa.html,"La nuova comunicazione mafiosa tra social media e cybercrime di Annibale Gagliani. Leggi l'articolo del Magazine di Treccani.it, il portale del sapere.",utilizzo_di_tiktok_da_parte_della_criminalità_organizzata_in_italia/la_nuova_comunicazione_mafiosa_tra_social_media_e_cybercrime_treccani.txt,utilizzo_di_tiktok_da_parte_della_criminalità_organizzata_in_italia.csv
88,Il ritorno del ghepardo - Parte 2 in anteprima mondiale il 20 dicembre su Discovery Channel • Cheetah Conservation Fund,2025-12-19,https://cheetah.org/it/press-releases/return-of-the-cheetah-part-2-premieres-globally-december-20-on-discovery-channel/,"Un nuovo documentario mette in luce il rischioso salvataggio della fauna selvatica nel Corno d'Africa. (19 dicembre Hargeisa, Somaliland, Otjiwarongo, ...Read more",utilizzo_di_tiktok_da_parte_della_criminalità_organizzata_in_italia/il_ritorno_del_ghepardo_parte_2_in_anteprima_mondiale_il_20_dicembre_su_discover.txt,utilizzo_di_tiktok_da_parte_della_criminalità_organizzata_in_italia.csv
90,Rischi nascosti della shadow AI,2025-07-11,https://www.varonis.com/it/blog/shadow-ai,La shadow AI è in aumento perché i dipendenti adottano strumenti di AI non autorizzati. Scopri i rischi che comporta per la sicurezza e la conformità e come ...,utilizzo_di_tiktok_da_parte_della_criminalità_organizzata_in_italia/rischi_nascosti_della_shadow_ai.txt,utilizzo_di_tiktok_da_parte_della_criminalità_organizzata_in_italia.csv
91,"Le mafie nell’era dell’intelligenza artificiale e dei social, la Fondazione Magna Grecia presenta all’Onu il suo rapporto",2024-04-08,https://www.lacnews24.it/attualita/le-mafie-nellera-dellintelligenza-artificiale-e-dei-social-la-fondazione-magna-grecia-presenta-allonu-il-suo-x6p4y378,"Le mafie nell'era dell'intelligenza artificiale e dei social, la Fondazione Magna Grecia presenta all'Onu il suo rapporto. «Operano digitalmente in modo ...Read more",utilizzo_di_tiktok_da_parte_della_criminalità_organizzata_in_italia/le_mafie_nell_era_dell_intelligenza_artificiale_e_dei_social_la_fondazione_magna.txt,utilizzo_di_tiktok_da_parte_della_criminalità_organizzata_in_italia.csv
92,"Roma, 14 giugno 2024 - Presentazione Del Rapporto “Cyber Organized Crime – Le Mafie Nel Cyberspace” - Fondazione Magna Grecia",2024-06-12,https://fondazionemagnagrecia.it/roma-14-giugno-2024-presentazione-del-rapporto-cyber-organized-crime-le-mafie-nel-cyberspace/,"Roma, 14 giugno 2024 - Presentazione del Rapporto “Cyber Organized Crime – Le Mafie nel Cyberspace”. 14 giugno 2024 – ore 11.30. Sala stampa della Camera dei ...Read more",utilizzo_di_tiktok_da_parte_della_criminalità_organizzata_in_italia/roma_14_giugno_2024_presentazione_del_rapporto_cyber_organized_crime_le_mafie_ne.txt,utilizzo_di_tiktok_da_parte_della_criminalità_organizzata_in_italia.csv; utilizzo_di_tiktok_da_parte_della_camorra.csv
93,"I libri più amati su TikTok: young adult, fantasy, romance e... sorprese",2026-06-10,https://www.illibraio.it/news/booktok/libri-piu-amati-su-tiktok-1424407/,Quali sono quelli più consigliati dalle booktoker? E le autrici e gli autori italiani e internazionali più citati su #BookTok? Quali i romanzi e le saghe più ...Read more,utilizzo_di_tiktok_da_parte_della_criminalità_organizzata_in_italia/i_libri_più_amati_su_tiktok_young_adult_fantasy_romance_e_sorprese.txt,utilizzo_di_tiktok_da_parte_della_criminalità_organizzata_in_italia.csv
95,Apologia di mafia e istigazione a delinquere,2026-03-25,https://www.filodiritto.com/apologia-di-mafia-e-istigazione-delinquere,Il contributo analizza l'art. 414 c.p. nelle sue due fattispecie – istigazione a delinquere e apologia di reato – in tutte le sue specifiche declinazioni.,utilizzo_di_tiktok_da_parte_della_criminalità_organizzata_in_italia/apologia_di_mafia_e_istigazione_a_delinquere.txt,utilizzo_di_tiktok_da_parte_della_criminalità_organizzata_in_italia.csv; utilizzo_di_tiktok_da_parte_della_camorra.csv
98,Frodi con carta di credito: le informazioni principali in sintesi (2026),2026-01-05,https://www.allianz.ch/it/clienti-privati/guida/casa/frodi-carta-di-credito.html,"Di chi sia la responsabilità in caso di truffa, se della banca o del cliente, va chiarito di volta in volta – per andare sul sicuro c'è l'assicurazione contro i ...Read more",utilizzo_di_tiktok_da_parte_della_criminalità_organizzata_in_italia/frodi_con_carta_di_credito_le_informazioni_principali_in_sintesi_2026.txt,utilizzo_di_tiktok_da_parte_della_criminalità_organizzata_in_italia.csv
99,"San Luca, commissariato due volte",2024-08-18,https://www.ilpost.it/2024/08/18/san-luca-commissariato-due-volte/,Nel 2024 in questo paese della Calabria commissariato per 'ndrangheta non si è votato perché non c'era nessuna lista e nessun candidato.Read more,utilizzo_di_tiktok_da_parte_della_criminalità_organizzata_in_italia/san_luca_commissariato_due_volte.txt,utilizzo_di_tiktok_da_parte_della_criminalità_organizzata_in_italia.csv
100,Gratteri: «Mafie? Ora sono su TikTok per adescare giovani»,2024-09-22,https://www.ilroma.net/news/cronaca/841411/gratteri-mafie-ora-sono-su-tiktok-per-adescare-giovani.html,"Il procuratore della Repubblica presso il Tribunale di Napoli: «Magistrati oggi ai minimi storici di credibilità, fatti degli errori»",utilizzo_di_tiktok_da_parte_della_criminalità_organizzata_in_italia/gratteri_mafie_ora_sono_su_tiktok_per_adescare_giovani.txt,utilizzo_di_tiktok_da_parte_della_criminalità_organizzata_in_italia.csv
102,La Sacra Corona Unita sbarca su Tik Tok: sul profilo volti e nomi dei pentiti. Scoppia il caso,2024-09-01,https://www.ilgazzettino.it/italia/cronaca_nera/sacra_corona_unita_tik_tok_pentiti_chi_sono-8328131.html,"Nomi, video, indirizzi e stralci di verbali di collaborazione su una pagina TikTok, prima oscurata poi tornata nuovamente online.",utilizzo_di_tiktok_da_parte_della_criminalità_organizzata_in_italia/la_sacra_corona_unita_sbarca_su_tik_tok_sul_profilo_volti_e_nomi_dei_pentiti_sco.txt,utilizzo_di_tiktok_da_parte_della_criminalità_organizzata_in_italia.csv
103,"Romania, cosa è successo: gli account coordinati su TikTok, gli 85mila cyberattacchi. Ecco perché i timori di ingerenze russe hanno fatto annullare i voto",2024-12-06,https://www.ilmessaggero.it/mondo/romania_notizie_elezioni_presidenziali_tiktok_cyberattacchi_russia_cosa_c_entra-8523749.html,"Ecco perché i timori di ingerenze russe hanno fatto annullare i voto. Romania, cosa è successo: gli account coordinati su TikTok, gli 85mila cyberattacchi.Read more",utilizzo_di_tiktok_da_parte_della_criminalità_organizzata_in_italia/romania_cosa_è_successo_gli_account_coordinati_su_tiktok_gli_85mila_cyberattacch.txt,utilizzo_di_tiktok_da_parte_della_criminalità_organizzata_in_italia.csv
104,La tela delle bugie: distopie cognitive e manipolazione,2026-03-14,https://www.devita.law/fake-news-disinformazione-ecosistema-digitale/,"Fake news, recensioni manipolate, contenuti sintetici e deepfake agiscono in modo sempre più pervasivo sulla formazione dell'opinione pubblica, sulle scelte dei ...Read more",utilizzo_di_tiktok_da_parte_della_criminalità_organizzata_in_italia/la_tela_delle_bugie_distopie_cognitive_e_manipolazione.txt,utilizzo_di_tiktok_da_parte_della_criminalità_organizzata_in_italia.csv
105,A Palermo il Cybercrime Forum della Fondazione Magna Grecia - Il Quotidiano del Sud,2024-12-03,https://www.quotidianodelsud.it/quotidiano/a-palermo-il-cybercrime-forum-della-fondazione-magna-grecia,"PALERMO (ITALPRESS) – Il contrasto alla criminalità tra l'utilizzo dei social, cybercrime e nuove dipendenze: questi i temi al centro del I Cybercrime Forum ...Read more",utilizzo_di_tiktok_da_parte_della_criminalità_organizzata_in_italia/a_palermo_il_cybercrime_forum_della_fondazione_magna_grecia_il_quotidiano_del_su.txt,utilizzo_di_tiktok_da_parte_della_criminalità_organizzata_in_italia.csv
106,TikTok per aziende: è davvero utile? Cosa funziona (e cosa no) - PENSIERI DIVERGENTI,2025-11-11,https://www.lucidamente.com/tiktok-per-aziende-e-davvero-utile-cosa-funziona-e-cosa-no/,TikTok per aziende. Tutti i segreti della celebre piattaforma per chi intende fare digital marketing. L'aiuto di Adesso Digitale.,utilizzo_di_tiktok_da_parte_della_criminalità_organizzata_in_italia/tiktok_per_aziende_è_davvero_utile_cosa_funziona_e_cosa_no_pensieri_divergenti.txt,utilizzo_di_tiktok_da_parte_della_criminalità_organizzata_in_italia.csv
107,News Archivi - Sicurezza e Giustizia,2025-10-09,https://www.sicurezzaegiustizia.com/category/news/,"Inoltre, introduce l'obbligo per i fornitori di servizi (anche se stabiliti all'estero ma attivi in Italia) di nominare un rappresentante legale sul territorio ...Read more",utilizzo_di_tiktok_da_parte_della_criminalità_organizzata_in_italia/news_archivi_sicurezza_e_giustizia.txt,utilizzo_di_tiktok_da_parte_della_criminalità_organizzata_in_italia.csv
108,"Gratteri all'Onu lancia l'allarme sulle mafie: ""Grandi pericoli dall'intelligenza artificiale""",2024-04-05,https://www.lametino.it/ultimora/gratteri-all-onu-lancia-l-allarme-sulle-mafie-grandi-pericoli-dall-intelligenza-artificiale.html,"Calandra Italian American Institute). All'incontro hanno partecipato il magistrato Nicola Gratteri, Procuratore Generale del Tribunale di Napoli, Antonio Nicaso ...Read more",utilizzo_di_tiktok_da_parte_della_criminalità_organizzata_in_italia/gratteri_all_onu_lancia_l_allarme_sulle_mafie_grandi_pericoli_dall_intelligenza.txt,utilizzo_di_tiktok_da_parte_della_criminalità_organizzata_in_italia.csv
109,"'Ndrangheta e TikTok, dall’onore a San Michele Arcangelo: lo studio che indaga sul confine tra “calabresità” e apologia mafiosa",2026-08-21,https://www.corrieredellacalabria.it/2026/08/21/ndrangheta-e-tiktok-dallonore-a-san-michele-arcangelo-lo-studio-che-indaga-sul-confine-tra-calabresita-e-apologia-mafiosa/,"Firmata dalla docente Anna Sergi e pubblicato su ""Crime Media Culture"", la ricerca esplora il sottile confine social tra orgoglio culturale e sottocultura ...",utilizzo_di_tiktok_da_parte_della_criminalità_organizzata_in_italia/ndrangheta_e_tiktok_dall_onore_a_san_michele_arcangelo_lo_studio_che_indaga_sul.txt,utilizzo_di_tiktok_da_parte_della_criminalità_organizzata_in_italia.csv
110,A Catania la discoteca confiscata alla mafia diventa teatro musicale hi-tech. «Così gli algoritmi amplificano il suono dei musicisti» - StartupItalia,2026-06-04,https://startupitalia.eu/startup/catania-hub-innovazione-musicale/,"La nota più bella? È quella del riscatto. Accade in Sicilia, dove un bene confiscato ai clan catanesi diventa hub di innovazione musicale.",utilizzo_di_tiktok_da_parte_della_criminalità_organizzata_in_italia/a_catania_la_discoteca_confiscata_alla_mafia_diventa_teatro_musicale_hi_tech_cos.txt,utilizzo_di_tiktok_da_parte_della_criminalità_organizzata_in_italia.csv
111,Osservatorio sui beni confiscati alla criminalità organizzata in Toscana - Regione Toscana,2026-09-18,https://www.regione.toscana.it/-/osservatorio-sui-beni-confiscati-alla-criminalita-organizzata-in-toscana,Le informazioni dei procedimenti di confisca non sono registrate da ... I dati esposti fanno parte della Base Informativa Territoriale disciplinata dalla legge ...Read more,utilizzo_di_tiktok_da_parte_della_criminalità_organizzata_in_italia/osservatorio_sui_beni_confiscati_alla_criminalità_organizzata_in_toscana_regione.txt,utilizzo_di_tiktok_da_parte_della_criminalità_organizzata_in_italia.csv
115,ARTE Europa Settegiorni - L'Europa fa abbastanza per fermare la criminalità giovanile? - Guarda il documentario completo | ARTE in italiano,2026-10-02,https://www.arte.tv/it/videos/112907-175-A/arte-europa-settegiorni/,,utilizzo_di_tiktok_da_parte_della_criminalità_organizzata_in_italia/arte_europa_settegiorni_l_europa_fa_abbastanza_per_fermare_la_criminalità_giovan.txt,utilizzo_di_tiktok_da_parte_della_criminalità_organizzata_in_italia.csv
118,PUGLIA BENI COMUNI - Avviso Pubblico per la selezione di interventi finalizzati a promuovere il riutilizzo sociale dei beni confiscati alla criminalità organizzata - Antimafia sociale - Regione Puglia,2025-11-17,https://www.regione.puglia.it/web/antimafia-sociale/-/puglia-beni-comuni-avviso-pubblico-per-la-selezione-di-interventi-finalizzati-a-promuovere-il-riutilizzo-sociale-dei-beni-confiscati-alla-criminalit%C3%A0-organizzata,"Riuso di beni immobili, compresi beni confiscati alla criminalità organizzata ... di un video della piattaforma YouTube o l'utilizzo di mappe (OpenstreetMap) ...Read more",utilizzo_di_tiktok_da_parte_della_criminalità_organizzata_in_italia/puglia_beni_comuni_avviso_pubblico_per_la_selezione_di_interventi_finalizzati_a.txt,utilizzo_di_tiktok_da_parte_della_criminalità_organizzata_in_italia.csv
127,Nuovo reato di apologia della mafia: sanzioni anche sui testi delle canzoni,2026-03-10,https://www.ilsole24ore.com/art/nuovo-reato-apologia-mafia-sanzioni-anche-testi-canzoni-AIAhiTrB,"Dai testi delle canzoni al Messina Denaro style, dagli “inchini” nelle processioni religiose al grande stile dei funerali. Tutte condotte da sanzionare ...Read more",utilizzo_di_tiktok_da_parte_della_criminalità_organizzata_in_italia/nuovo_reato_di_apologia_della_mafia_sanzioni_anche_sui_testi_delle_canzoni.txt,utilizzo_di_tiktok_da_parte_della_criminalità_organizzata_in_italia.csv
132,Il Pubblico Ministero nell’ordinamento e nel processo,2026-02-23,https://www.luiss.it/it/ateneo/news-media/eventi/il-pubblico-ministero-nellordinamento-e-nel-processo,"Evento di due giorni (23 e 24 febbraio 2026) 23 febbraio 2026, ore 15:00. Presentazione del seminario. Giovanni Piccirilli Luiss.Read more",utilizzo_di_tiktok_da_parte_della_criminalità_organizzata_in_italia/il_pubblico_ministero_nell_ordinamento_e_nel_processo.txt,utilizzo_di_tiktok_da_parte_della_criminalità_organizzata_in_italia.csv
134,"GICO Guardia di Finanza: cosa sono, cosa fanno e come entrare nel reparto",2026-07-01,https://www.nissolinocorsi.it/gico-guardia-di-finanza/,Leggi il nostro approfondimento sul GICO Guardia di Finanza: ti racconteremo dettagli e curiosità su uno dei reparti più celebri!,utilizzo_di_tiktok_da_parte_della_criminalità_organizzata_in_italia/gico_guardia_di_finanza_cosa_sono_cosa_fanno_e_come_entrare_nel_reparto.txt,utilizzo_di_tiktok_da_parte_della_criminalità_organizzata_in_italia.csv
137,Verità sommerse: casi di ecomafie a partire dall’uccisione del Capitano De Grazia,2024-10-15,https://www.unipv.news/eventi/verita-sommerse-casi-di-ecomafie-partire-dalluccisione-del-capitano-de-grazia,"Tra le attività che fruttano meglio si annovera il fenomeno delle ecomafie, vale a dire lo sfruttamento criminoso del terreno e dello smaltimento dei rifiuti.Read more",utilizzo_di_tiktok_da_parte_della_criminalità_organizzata_in_italia/verità_sommerse_casi_di_ecomafie_a_partire_dall_uccisione_del_capitano_de_grazia.txt,utilizzo_di_tiktok_da_parte_della_criminalità_organizzata_in_italia.csv
139,Adescavano vittime prestiti online su TikTok: 100 arresti a Manila - Il Sole 24 ORE,2025-01-31,https://stream24.ilsole24ore.com/video/mondo/adescavano-vittime-prestiti-online-tiktok-100-arresti-manila/AGGno4eC,,utilizzo_di_tiktok_da_parte_della_criminalità_organizzata_in_italia/adescavano_vittime_prestiti_online_su_tiktok_100_arresti_a_manila_il_sole_24_ore.txt,utilizzo_di_tiktok_da_parte_della_criminalità_organizzata_in_italia.csv
143,Anche l'Albania ha vietato TikTok. Ed è solo l'ultimo caso,2025-01-03,https://www.wired.it/article/albania-tiktok-vietato-australia-taiwan/,L'Australia ha vietato i social agli under 16 e il Venezuela ha multato ByteDance per 10 milioni di dollari. Ora anche l'Albania vieta ufficialmente TikTok.,utilizzo_di_tiktok_da_parte_della_criminalità_organizzata_in_italia/anche_l_albania_ha_vietato_tiktok_ed_è_solo_l_ultimo_caso.txt,utilizzo_di_tiktok_da_parte_della_criminalità_organizzata_in_italia.csv
144,"New York, United Nation Headquarters 15 ottobre 2025 Organized crime in the social media age - Fondazione Magna Grecia",2025-10-14,https://fondazionemagnagrecia.it/new-york-united-nation-headquarters-15-ottobre-2025-organized-crime-in-the-social-media-age/,"Domani all'ONU presentazione del nuovo rapporto della Fondazione Magna Grecia. Domani, mercoledì 15 ottobre, alle ore 10, nella sede del Palazzo di Vetro delle ...Read more",utilizzo_di_tiktok_da_parte_della_criminalità_organizzata_in_italia/new_york_united_nation_headquarters_15_ottobre_2025_organized_crime_in_the_socia.txt,utilizzo_di_tiktok_da_parte_della_criminalità_organizzata_in_italia.csv
147,"Detenuto ""tiktoker"" registra in cella: per lui sono guai seri",2023-10-18,https://www.napolitoday.it/cronaca/registra-video-tik-tok-carcere.html,"Lo rende noto il sindacato di Polizia penitenziaria Sinappe, secondo cui ""è ormai una piaga il fenomeno dei cellulari nelle carceri"". ""Nonostante sia diventato ...Read more",utilizzo_di_tiktok_da_parte_della_criminalità_organizzata_in_italia/detenuto_tiktoker_registra_in_cella_per_lui_sono_guai_seri.txt,utilizzo_di_tiktok_da_parte_della_criminalità_organizzata_in_italia.csv
148,"Chiuso TikTok alla ""pescivendola più bella d'Italia"", vincono i diritti degli animali",2025-03-06,https://www.ildigitale.it/news/chiuso-tiktok-alla-pescivendola-piu-bella-ditalia/,"Enrico Rizzi, una vita a servizio degli animali. L'intervista in cui ci racconta come è andata con la chiusura del canale TikTok della ""pescivendola più ...",utilizzo_di_tiktok_da_parte_della_criminalità_organizzata_in_italia/chiuso_tiktok_alla_pescivendola_più_bella_d_italia_vincono_i_diritti_degli_anima.txt,utilizzo_di_tiktok_da_parte_della_criminalità_organizzata_in_italia.csv
149,Polizia Postale: chi sono gli specialisti della sicurezza digitale,2025-12-01,https://www.nissolinocorsi.it/polizia-postale/,"Cosa fa la Polizia Postale: i principali ambiti di intervento · Tutela dei minori e pedopornografia online · Truffe e frodi informatiche · Attacchi informatici, ...Read more",utilizzo_di_tiktok_da_parte_della_criminalità_organizzata_in_italia/polizia_postale_chi_sono_gli_specialisti_della_sicurezza_digitale.txt,utilizzo_di_tiktok_da_parte_della_criminalità_organizzata_in_italia.csv
150,"I boss della mafia ""resuscitati"" su TikTok: la propaganda social per reclutare i giovani criminali a Palermo",2026-06-19,https://www.lasicilia.it/news/cronaca/3050337/i-boss-della-mafia-resuscitati-su-tiktok-la-propaganda-social-per-reclutare-i-giovani-criminali-a-palermo.html,"I boss della mafia ""resuscitati"" su TikTok: la propaganda social per reclutare i giovani criminali a Palermo. I video deepfake rianimano Totò Riina e Messina ...Read more",utilizzo_di_tiktok_da_parte_della_criminalità_organizzata_in_italia/i_boss_della_mafia_resuscitati_su_tiktok_la_propaganda_social_per_reclutare_i_gi.txt,utilizzo_di_tiktok_da_parte_della_criminalità_organizzata_in_italia.csv
151,Il rapporto delle persone con il digitale luci ed ombre di un fenomeno sociale - Report Eurispes - Eurispes,2025-08-14,https://eurispes.eu/news/il-rapporto-delle-persone-con-il-digitale-luci-ed-ombre-di-un-fenomeno-sociale-studio-eurispes/,"luci ed ombre di un fenomeno sociale[1]. Documento di Sintesi. L'Eurispes ha elaborato un report sulla trasformazione digitale in Italia, mettendo in luce le ...Read more",utilizzo_di_tiktok_da_parte_della_criminalità_organizzata_in_italia/il_rapporto_delle_persone_con_il_digitale_luci_ed_ombre_di_un_fenomeno_sociale_r.txt,utilizzo_di_tiktok_da_parte_della_criminalità_organizzata_in_italia.csv
153,Criminalità - Ventunesimo rapporto sulle condizioni di detenzione,2025-05-27,https://www.rapportoantigone.it/ventunesimo-rapporto-sulle-condizioni-di-detenzione/criminalita/,L'andamento dei delitti denunciati negli ultimi cinque anni (2018-2023) presenta una dinamica caratterizzata inizialmente da una fase di contrazione e ...Read more,utilizzo_di_tiktok_da_parte_della_criminalità_organizzata_in_italia/criminalità_ventunesimo_rapporto_sulle_condizioni_di_detenzione.txt,utilizzo_di_tiktok_da_parte_della_criminalità_organizzata_in_italia.csv
154,Zoomafia e corse clandestine di cavalli in Italia - ALI - Animal Law Italia,2024-11-04,https://ali.ong/rivista/diritto/zoomafia-e-corse-clandestine-di-cavalli-in-italia/,"Pertanto, intendiamo per “zoomafia” lo sfruttamento degli animali non umani per ragioni economiche, di controllo sociale e di dominio sul territorio, da parte ...Read more",utilizzo_di_tiktok_da_parte_della_criminalità_organizzata_in_italia/zoomafia_e_corse_clandestine_di_cavalli_in_italia_ali_animal_law_italia.txt,utilizzo_di_tiktok_da_parte_della_criminalità_organizzata_in_italia.csv
160,Il denaro sporco si ricicla su TikTok con il paravento degli influencer - Moneta,2026-04-14,https://www.monetaweb.it/tendenze-e-sostenibilita/il-denaro-sporco-si-ricicla-su-tiktok-con-il-paravento-degli-influencer/,"Spesso denaro sporco, ovvero frutto di giri illeciti, che diventa pulito in pochi clic. Ne ha parlato, tra i primi, un report della Fondazione Magna Grecia, dal ...Read more",utilizzo_di_tiktok_da_parte_della_criminalità_organizzata_in_italia/il_denaro_sporco_si_ricicla_su_tiktok_con_il_paravento_degli_influencer_moneta.txt,utilizzo_di_tiktok_da_parte_della_criminalità_organizzata_in_italia.csv
161,TikTok nel mirino: dai video sulla Calabria alla celebrazione della ’ndrangheta. Uno studio lancia l'allarme – quicosenza notizie e cronaca di Cosenza,2026-08-23,https://quicosenza.it/news/tiktok-video-calabria-ndrangheta/,Uno studio dell'Università di Bologna analizza oltre mille video TikTok e lancia l'allarme: dai contenuti che esaltano tradizioni e identità della Calabria ...,utilizzo_di_tiktok_da_parte_della_criminalità_organizzata_in_italia/tiktok_nel_mirino_dai_video_sulla_calabria_alla_celebrazione_della_ndrangheta_un.txt,utilizzo_di_tiktok_da_parte_della_criminalità_organizzata_in_italia.csv
163,"Crotone. TikTok, 'ndrangheta e omertà: la campagna elettorale intrisa di cultura mafiosa - iacchite",2026-05-13,https://www.iacchite.blog/crotone-tiktok-ndrangheta-e-omerta-la-campagna-elettorale-intrisa-di-cultura-mafiosa/,"Crotone. TikTok, 'ndrangheta e omertà: la campagna elettorale intrisa di cultura mafiosa. Da. Iacchite. -. 13 Maggio 2026.Read more",utilizzo_di_tiktok_da_parte_della_criminalità_organizzata_in_italia/crotone_tiktok_ndrangheta_e_omertà_la_campagna_elettorale_intrisa_di_cultura_maf.txt,utilizzo_di_tiktok_da_parte_della_criminalità_organizzata_in_italia.csv
166,"I sequestri di persona in Italia. Crimine, memoria e violenza",2026-06-09,https://giuntialpunto.it/products/i-sequestri-di-persona-in-italia-crimine-memoria-e-violenza-montalbano-alessandra-9788806270902?srsltid=AU7gw4V3arubMPG1X2a8D8dQvPk9EzmKdE12j-GoQnf4Dkjs97t6jlto,"Scopri I sequestri di persona in Italia. Crimine, memoria e violenza di Alessandra Montalbano pubblicato da Einaudi su Giunti al punto e in tutti gli store ...",utilizzo_di_tiktok_da_parte_della_criminalità_organizzata_in_italia/i_sequestri_di_persona_in_italia_crimine_memoria_e_violenza.txt,utilizzo_di_tiktok_da_parte_della_criminalità_organizzata_in_italia.csv
168,Il primo processo negli Stati Uniti contro TikTok metterà alla prova le accuse secondo cui la piattaforma ha alimentato la crisi della salute mentale degli adolescenti,2026-09-25,https://it.marketscreener.com/notizie/il-primo-processo-negli-stati-uniti-contro-tiktok-mettera-alla-prova-le-accuse-secondo-cui-la-piatta-ce785adfdc89f225,Una giuria dell'Alabama esaminerà le accuse dello Stato secondo cui TikTok e la sua casa madre cinese ByteDance hanno reso la piattaforma dipendenza per i ...,utilizzo_di_tiktok_da_parte_della_criminalità_organizzata_in_italia/il_primo_processo_negli_stati_uniti_contro_tiktok_metterà_alla_prova_le_accuse_s.txt,utilizzo_di_tiktok_da_parte_della_criminalità_organizzata_in_italia.csv
170,Sacca Partecipa: al via il percorso per il riutilizzo di un bene confiscato,2025-04-02,https://www.comune.modena.it/novita/notizie/2025/sacca-partecipa-al-via-il-percorso-per-il-riutilizzo-di-un-bene-confiscato,L'immobile è stato assegnato al Comune nel maggio 2024 dall'Agenzia nazionale per l'amministrazione e la destinazione dei beni sequestrati e confiscati alla ...Read more,utilizzo_di_tiktok_da_parte_della_criminalità_organizzata_in_italia/sacca_partecipa_al_via_il_percorso_per_il_riutilizzo_di_un_bene_confiscato.txt,utilizzo_di_tiktok_da_parte_della_criminalità_organizzata_in_italia.csv
171,Mafia e Cyberspazio. Intervista al Prof. Antonio Nicaso - Parte I - Geopolitica.info,2024-10-16,https://www.geopolitica.info/mafia-cyberspazio-nicaso/,Le organizzazioni mafiose sono note per la loro capacità di adattarsi rapidamente ai cambiamenti. In un'epoca caratterizzata da una profonda ...,utilizzo_di_tiktok_da_parte_della_criminalità_organizzata_in_italia/mafia_e_cyberspazio_intervista_al_prof_antonio_nicaso_parte_i_geopolitica_info.txt,utilizzo_di_tiktok_da_parte_della_criminalità_organizzata_in_italia.csv
173,"Da Facebook a TikTok, così la mafia si traveste da influencer per attrarre i giovani. Gratteri: «Eliminati 36mila reel di armi e bella vita» - Il video",2024-07-14,https://www.open.online/2024/07/14/mafia-strategia-social-facebook-tiktok-giovani-gratteri-video/,"Da Facebook a TikTok, così la mafia si traveste da influencer per attrarre i giovani. Gratteri: «Eliminati 36mila reel di armi e bella vita» – Il video. 14 ...",utilizzo_di_tiktok_da_parte_della_criminalità_organizzata_in_italia/da_facebook_a_tiktok_così_la_mafia_si_traveste_da_influencer_per_attrarre_i_giov.txt,utilizzo_di_tiktok_da_parte_della_criminalità_organizzata_in_italia.csv
175,"Ennesimo capitolo di TikTok e Scu: ""Parisi nuovo pentito"". Ma è una fake news",2026-04-24,https://www.brindisireport.it/cronaca/brindisi-mesagne-capitolo-tiktok-scu-parisi-nuovo-pentito-fake-news.html,Nel mare magnum di TikTok spunta una nuova pagina “dedicata” ai pentiti della Sacra Corona Unita di Brindisi e provincia. E spunta un presunto nuovo ...Read more,utilizzo_di_tiktok_da_parte_della_criminalità_organizzata_in_italia/ennesimo_capitolo_di_tiktok_e_scu_parisi_nuovo_pentito_ma_è_una_fake_news.txt,utilizzo_di_tiktok_da_parte_della_criminalità_organizzata_in_italia.csv
177,L'assassino del Maschsee oggi è una star di TikTok,2025-08-11,https://www.ilmitte.com/2025/08/assassino-maschsee-tiktok-star/,"Alexander K., noto come l'assassino del Maschsee, torna in libertà dopo 12 anni di carcere e diventa famoso su TikTok.",utilizzo_di_tiktok_da_parte_della_criminalità_organizzata_in_italia/l_assassino_del_maschsee_oggi_è_una_star_di_tiktok.txt,utilizzo_di_tiktok_da_parte_della_criminalità_organizzata_in_italia.csv
179,"(Dis)armati: l’indagine sulla violenza giovanile, tra fragilità e vuoti educativi",2026-03-12,https://www.savethechildren.it/blog-notizie/disarmati-lindagine-sulla-violenza-giovanile-tra-fragilita-e-vuoti-educativi,"L'Italia è tra i Paesi europei con tasso di criminalità minorile più basso, ma crescono i minorenni denunciati o arrestati. Nell'indagine “(Dis)armati” ...",utilizzo_di_tiktok_da_parte_della_criminalità_organizzata_in_italia/dis_armati_l_indagine_sulla_violenza_giovanile_tra_fragilità_e_vuoti_educativi.txt,utilizzo_di_tiktok_da_parte_della_criminalità_organizzata_in_italia.csv
180,"Social e inni alla mafia: ""Influencer del crimine, giovani a rischio""",2025-10-18,https://livesicilia.it/social-e-inni-alla-mafia-influencer-del-crimine-giovani-a-rischio/,"PALERMO – Sfoggiano collane grossolane, tatuaggi, barbe lunghe ispirate al clan napoletano dei “Barbudos”. Dalla strada sono sbarcati direttamente sui ...Read more",utilizzo_di_tiktok_da_parte_della_criminalità_organizzata_in_italia/social_e_inni_alla_mafia_influencer_del_crimine_giovani_a_rischio.txt,utilizzo_di_tiktok_da_parte_della_criminalità_organizzata_in_italia.csv
181,"“Io sono malavitoso”: le sfide alla DDA di Francavilla. “Mi apro pure TikTok, devono avere il panico di meR",2026-06-09,https://www.immediato.net/2026/06/09/io-sono-malavitoso-le-sfide-alla-dda-di-francavilla-mi-apro-pure-tiktok-devono-avere-il-panico-di-me/,Nel decreto di fermo emergono nuove intercettazioni attribuite a Emiliano Francavilla. Dagli sfoghi contro magistrati e investigatori alle minacce di ...,utilizzo_di_tiktok_da_parte_della_criminalità_organizzata_in_italia/io_sono_malavitoso_le_sfide_alla_dda_di_francavilla_mi_apro_pure_tiktok_devono_a.txt,utilizzo_di_tiktok_da_parte_della_criminalità_organizzata_in_italia.csv
189,"Napolitano store, maxi sequestro da 6 milioni: sigilli anche a yatch",2025-09-18,https://tg24.sky.it/cronaca/2025/09/18/truffa-smartphone-tiktok-napolitano-store,"La Guardia di finanza di Napoli ha sequestrato beni per quasi 6 milioni di euro ad Angelo Napolitano, noto per un video-scandalo con la tiktoker Rita De ...Read more",utilizzo_di_tiktok_da_parte_della_criminalità_organizzata_in_italia/napolitano_store_maxi_sequestro_da_6_milioni_sigilli_anche_a_yatch.txt,utilizzo_di_tiktok_da_parte_della_criminalità_organizzata_in_italia.csv
192,Sportello Nuovi Percorsi,2023-11-16,https://www.savethechildren.it/cosa-facciamo/progetti/sportello-nuovi-percorsi,La tratta di esseri umani è una tra le più gravi violazioni dei diritti umani oltre che una grossa fonte di guadagno per la criminalità organizzata ...,utilizzo_di_tiktok_da_parte_della_criminalità_organizzata_in_italia/sportello_nuovi_percorsi.txt,utilizzo_di_tiktok_da_parte_della_criminalità_organizzata_in_italia.csv
193,"Cartelli di sangue - Nicola Gratteri, Antonio Nicaso | Libri Mondadori",2026-05-25,https://www.mondadori.it/libri/cartelli-di-sangue-nicola-gratteri-antonio-nicaso/,"Cartelli di sangue è un libro di Nicola Gratteri, Antonio Nicaso pubblicato da Mondadori. Scopri la scheda del libro, i dettagli e le recensioni.",utilizzo_di_tiktok_da_parte_della_criminalità_organizzata_in_italia/cartelli_di_sangue_nicola_gratteri_antonio_nicaso_libri_mondadori.txt,utilizzo_di_tiktok_da_parte_della_criminalità_organizzata_in_italia.csv
203,Gruppo di coordinamento contro la criminalità ambientale: il Consiglio federale prende atto del rapporto e della strategia 2030,2025-12-12,https://www.bafu.admin.ch/it/newnsb/hXZqPia-w0KpsyeTvKLXW,"da scoprire, perseguire e punire, attira l'interesse della criminalità organizzata. ... da rappresentanti dell'Ufficio federale della sicurezza alimentare e di ...Read more",utilizzo_di_tiktok_da_parte_della_criminalità_organizzata_in_italia/gruppo_di_coordinamento_contro_la_criminalità_ambientale_il_consiglio_federale_p.txt,utilizzo_di_tiktok_da_parte_della_criminalità_organizzata_in_italia.csv
209,Avviso pubblico per interventi finalizzati al recupero funzionale e alla valorizzazione di beni confiscati alla criminalità organizzata in Campania - PR Campania FESR 21-27,2026-03-17,https://prfesr2127.regione.campania.it/2026/03/17/avviso-pubblico-per-interventi-finalizzati-al-recupero-funzionale-e-alla-valorizzazione-di-beni-confiscati-alla-criminalita-organizzata-in-campania/,di beni confiscati alla criminalità organizzata in Campania”. Nei limiti ... di vaglio tecnico da adottare per il rispetto del principio DNSH. Restano ...Read more,utilizzo_di_tiktok_da_parte_della_criminalità_organizzata_in_italia/avviso_pubblico_per_interventi_finalizzati_al_recupero_funzionale_e_alla_valoriz.txt,utilizzo_di_tiktok_da_parte_della_criminalità_organizzata_in_italia.csv
210,Beni Confiscati,2024-05-31,https://www.comune.palmi.rc.it/amministrazione/documenti-e-dati/beni-confiscati/,"criminalità organizzata, Il Comune di Palmi, con deliberazione del C.C. n ... parte del patrimonio indisponibile del Comune di Palmi per: – uso ...Read more",utilizzo_di_tiktok_da_parte_della_criminalità_organizzata_in_italia/beni_confiscati.txt,utilizzo_di_tiktok_da_parte_della_criminalità_organizzata_in_italia.csv
212,Tik tok mafia: così ’ndrangheta e camorra vanno alla conquista dei social per affascinare i giovani,2025-10-15,https://www.lacnews24.it/cronaca/tik-tok-mafia-cosi-ndrangheta-e-camorra-vanno-alla-conquista-dei-social-per-affascinare-i-giovani-ryttucx3,"Nel rapporto della Fondazione Magna Grecia, presentato all'Onu, emerge il registro comunicativo che ha trasformato i pizzini in esibizione di ricchezza e il ...",utilizzo_di_tiktok_da_parte_della_criminalità_organizzata_in_italia/tik_tok_mafia_così_ndrangheta_e_camorra_vanno_alla_conquista_dei_social_per_affa.txt,utilizzo_di_tiktok_da_parte_della_criminalità_organizzata_in_italia.csv
213,C’è un’altra Cupola. Ed è cinese,2025-11-20,https://lespresso.it/c/attualita/2025/11/20/mafia-cinese-prato/58301,"A Prato, l'epicentro della mafia d'importazione. Dopo i colpi inferti e la violenza per le strade una relativa pax. Vitale per il controllo della logistica.",utilizzo_di_tiktok_da_parte_della_criminalità_organizzata_in_italia/c_è_un_altra_cupola_ed_è_cinese.txt,utilizzo_di_tiktok_da_parte_della_criminalità_organizzata_in_italia.csv
216,Sangue italiano - Roberto Casalini,2024-05-31,https://neripozza.it/libro/9788854527957,"Omicidi passionali e familiari, delitti di avidità e vendetta, fuorilegge da Musolino a Riina, mafie, assassinii politici, misteri e stragi: la storia ...",utilizzo_di_tiktok_da_parte_della_criminalità_organizzata_in_italia/sangue_italiano_roberto_casalini.txt,utilizzo_di_tiktok_da_parte_della_criminalità_organizzata_in_italia.csv
220,"The Mob Wife, sui social spopola lo stile “da moglie del mafioso”: l’ultimo trend di TikTok scatena le polemiche - Il Fatto Quotidiano",2024-01-22,https://www.ilfattoquotidiano.it/2024/01/22/the-mob-wife-sui-social-spopola-lo-stile-da-moglie-del-mafioso-lultimo-trend-di-tiktok-scatena-le-polemiche/7418147/,"Si cotonano i capelli e, soprattutto, si avvolgono in pellicce e visoni. Il primo trend di moda del 2024 lanciato da TikTok è anche già il più discusso: The Mob ...Read more",utilizzo_di_tiktok_da_parte_della_criminalità_organizzata_in_italia/the_mob_wife_sui_social_spopola_lo_stile_da_moglie_del_mafioso_l_ultimo_trend_di.txt,utilizzo_di_tiktok_da_parte_della_criminalità_organizzata_in_italia.csv
225,"La ""ricetta"" di Piantedosi contro la criminalità: ""Più uomini e telecamere in città, un piano sicurezza in vista dell'estate""",2026-06-15,https://www.palermotoday.it/cronaca/criminalita-piantedosi-piano-sicurezza-estate-telecamere.html,"Al termine del vertice in prefettura, il ministro dell'Interno ha annunciato nuove risorse economiche e un potenziamento dei dispositivi di controllo del ...",utilizzo_di_tiktok_da_parte_della_criminalità_organizzata_in_italia/la_ricetta_di_piantedosi_contro_la_criminalità_più_uomini_e_telecamere_in_città.txt,utilizzo_di_tiktok_da_parte_della_criminalità_organizzata_in_italia.csv
271,Consigli di viaggio – Honduras,2025-11-25,https://www.eda.admin.ch/it/consigli-di-viaggio-honduras,"La situazione politica e sociale è molto tesa. Queste tensioni possono aumentare in relazione delle elezioni. Prima, durante e dopo le elezioni si possono ...Read more",utilizzo_di_tiktok_da_parte_della_criminalità_organizzata_in_italia/consigli_di_viaggio_honduras.txt,utilizzo_di_tiktok_da_parte_della_criminalità_organizzata_in_italia.csv
274,Scenari internazionali della criminalità organizzata (8ZJ),2025-10-10,https://www.unimi.it/it/corsi/corsi-post-laurea-e-formazione-continua/master-e-perfezionamento/catalogo-corsi-di-perfezionamento/aa-2025/2026-scenari-internazionali-della-criminalita-organizzata-8zj,"Il corso, organizzato in collaborazione con Alliance of NGO?s on Crime Prevention and Criminal Justice si propone di fornire ai partecipanti elementi utili ...Read more",utilizzo_di_tiktok_da_parte_della_criminalità_organizzata_in_italia/scenari_internazionali_della_criminalità_organizzata_8zj.txt,utilizzo_di_tiktok_da_parte_della_criminalità_organizzata_in_italia.csv
276,La Commissione propone nuove misure per contrastare meglio la criminalità transfrontaliera e il terrorismo,2026-06-24,https://commission.europa.eu/news-and-media/news/commission-proposes-new-measures-better-tackle-cross-border-crime-and-terrorism-2026-06-24_it,"Le agenzie dell'UE Europol ed Eurojust svolgono un ruolo centrale nell'azione dell'Unione contro le reti della criminalità organizzata transfrontaliera, i ...Read more",utilizzo_di_tiktok_da_parte_della_criminalità_organizzata_in_italia/la_commissione_propone_nuove_misure_per_contrastare_meglio_la_criminalità_transf.txt,utilizzo_di_tiktok_da_parte_della_criminalità_organizzata_in_italia.csv
279,Vittime del terrorismo e della criminalità organizzata,2025-11-07,https://prefettura.interno.gov.it/it/prefetture/campobasso/vittime-terrorismo-e-criminalita-organizzata,"considerato vittima del terrorismo e della criminalità organizzata di tipo mafioso chiunque, cittadino italiano, straniero o apolide, sia deceduto o abbia ...",utilizzo_di_tiktok_da_parte_della_criminalità_organizzata_in_italia/vittime_del_terrorismo_e_della_criminalità_organizzata.txt,utilizzo_di_tiktok_da_parte_della_criminalità_organizzata_in_italia.csv
280,La Commissione rafforza la lotta alla criminalità transnazionale attraverso ulteriori partenariati tra Eurojust e paesi terzi,2026-09-07,https://italy.representation.ec.europa.eu/notizie-ed-eventi/notizie/la-commissione-rafforza-la-lotta-alla-criminalita-transnazionale-attraverso-ulteriori-partenariati-2026-09-07_it,"Michael McGrath, Commissario per la Democrazia, la giustizia, lo Stato di diritto e la protezione dei consumatori, ha dichiarato: “La criminalità organizzata è ...Read more",utilizzo_di_tiktok_da_parte_della_criminalità_organizzata_in_italia/la_commissione_rafforza_la_lotta_alla_criminalità_transnazionale_attraverso_ulte.txt,utilizzo_di_tiktok_da_parte_della_criminalità_organizzata_in_italia.csv
284,Cos'è l'e-trafficking: l’uso del digitale nella tratta di esseri umani,2025-07-25,https://www.savethechildren.it/blog-notizie/cose-le-trafficking-luso-del-digitale-nella-tratta-di-esseri-umani,"Negli ultimi anni, la digitalizzazione ha trasformato anche il crimine organizzato, dando origine a nuove forme di sfruttamento e di tratta.Read more",utilizzo_di_tiktok_da_parte_della_criminalità_organizzata_in_italia/cos_è_l_e_trafficking_l_uso_del_digitale_nella_tratta_di_esseri_umani.txt,utilizzo_di_tiktok_da_parte_della_criminalità_organizzata_in_italia.csv
288,"Minori: l’Italia è uno dei Paesi con il tasso di criminalità minorile tra i più bassi in Europa, ma aumentano i minori denunciati o arrestati per reati violenti, come rapina, lesioni personali e rissa e, in alcuni territori, associazione mafiosa",2026-03-12,https://www.savethechildren.it/press/minori-litalia-e-uno-dei-paesi-con-il-tasso-di-criminalita-minorile-tra-i-piu-bassi-europa-ma,"Minori: l'Italia è uno dei Paesi con il tasso di criminalità minorile tra i più bassi in Europa, ma aumentano i minori denunciati o arrestati per reati violenti ...Read more",utilizzo_di_tiktok_da_parte_della_criminalità_organizzata_in_italia/minori_l_italia_è_uno_dei_paesi_con_il_tasso_di_criminalità_minorile_tra_i_più_b.txt,utilizzo_di_tiktok_da_parte_della_criminalità_organizzata_in_italia.csv
4,Mafiosi come influencer e TikTok come vetrina delle organizzazioni criminali,2024-03-13,https://www.capital.it/articoli/gratteri-tiktok-social-mafie-intervista-dark-web/,"Il magistrato Nicola Gratteri, Procuratore della Repubblica di Napoli, è stato ospite di Ambra Angiolini per diffondere il messaggio che tramite i social e, ...",utilizzo_di_tiktok_da_parte_della_camorra/mafiosi_come_influencer_e_tiktok_come_vetrina_delle_organizzazioni_criminali.txt,utilizzo_di_tiktok_da_parte_della_camorra.csv; utilizzo_di_tiktok_da_parte_di_cosa_nostra.csv
6,"""Eliminati 36mila video di mafiosi su tiktok"" la lente d'ingrandimento di Gratteri sull'utilizzo dei social",2024-07-14,https://www.viterbotoday.it/attualita/gratteri-social-tiktok-mafiosi-viterbo-14-luglio-2024.html,"ll baluardo italiano della lotta alle mafie. Viterbotoday ha intervistato il procuratore della Repubblica del tribunale di Napoli, Nicola Gratteri.Read more",utilizzo_di_tiktok_da_parte_della_camorra/eliminati_36mila_video_di_mafiosi_su_tiktok_la_lente_d_ingrandimento_di_gratteri.txt,utilizzo_di_tiktok_da_parte_della_camorra.csv; utilizzo_di_tiktok_da_parte_di_cosa_nostra.csv
8,"Su TikTok annunciano ritorno del clan Sarno. Gratteri: ""Noi siamo già qui""",2024-03-12,https://www.napolitoday.it/cronaca/clan-sarno-tiktok-gratteri-camorra.html,Un video che sta diventando virale sul web parla della rinascita del sodalizio criminale di Ponticelli che sembrava sparito da anni. Il procuratore capo di ...,utilizzo_di_tiktok_da_parte_della_camorra/su_tiktok_annunciano_ritorno_del_clan_sarno_gratteri_noi_siamo_già_qui.txt,utilizzo_di_tiktok_da_parte_della_camorra.csv
10,Gratteri all’Onu: serve una rete globale contro il cybercrime,2024-04-05,https://www.ilsole24ore.com/art/gratteri-all-onu-serve-rete-globale-contro-cybercrime-AFEa75LD,"Nicola Gratteri, procuratore della Repubblica di Napoli usa la platea della sede Onu di New York per denunciare, giovedì, l'evoluzione tech della criminalità ...Read more",utilizzo_di_tiktok_da_parte_della_camorra/gratteri_all_onu_serve_una_rete_globale_contro_il_cybercrime.txt,utilizzo_di_tiktok_da_parte_della_camorra.csv; utilizzo_di_tiktok_da_parte_della_ndrangheta.csv
12,"Scorta di Sicurezza: cos’è, come funziona e quando viene assegnata",2026-05-06,https://www.nissolinocorsi.it/scorta-di-sicurezza/,"La Scorta di Sicurezza è una misura di protezione predisposta per tutelare l'incolumità di personalità istituzionali, magistrati, giornalisti, imprenditori, ...Read more",utilizzo_di_tiktok_da_parte_della_camorra/scorta_di_sicurezza_cos_è_come_funziona_e_quando_viene_assegnata.txt,utilizzo_di_tiktok_da_parte_della_camorra.csv
13,"Pastore (Dia): ""Così le mafie sfruttano le fragilità delle imprese""",2026-02-03,https://www.rainews.it/tgr/piemonte/video/2026/02/mafie-piemonte-imprese-intervista-tommaso-pastore-dia-b4139e3f-4134-4429-bd7a-6c5a825e1afc.html,,utilizzo_di_tiktok_da_parte_della_camorra/pastore_dia_così_le_mafie_sfruttano_le_fragilità_delle_imprese.txt,utilizzo_di_tiktok_da_parte_della_camorra.csv
16,I nuovi strumenti nelle mani delle mafie del terzo millennio - Intervista a Vincenzo Musacchio,2024-04-20,https://www.rainews.it/articoli/2024/04/bitcoin-dark-web-nanotecnologie-droni-e-intelligenza-artificiale-nuovi-strumenti-nelle-mani-delle-mafie-del-terzo-millennio---intervista-a-vincenzo-musacchio-82e70793-a08d-47dd-961d-fe0e83c0a41f.html,Il criminologo Vincenzo Musacchio: “Le mafie moderne sono già all'avanguardia con l'utilizzo delle nuove tecnologie nella gestione delle attività criminali ...Read more,utilizzo_di_tiktok_da_parte_della_camorra/i_nuovi_strumenti_nelle_mani_delle_mafie_del_terzo_millennio_intervista_a_vincen.txt,utilizzo_di_tiktok_da_parte_della_camorra.csv; utilizzo_di_tiktok_da_parte_della_ndrangheta.csv
17,Sistema Sorrento: la relazione choc sui clan e il Comune,2026-06-27,https://www.ilfattoquotidiano.it/2026/06/27/sistema-sorrento-relazione-commissione-accesso-notizie/8431496/,Leggi su Il Fatto Quotidiano.it la relazione della commissione d'accesso sul Sistema Sorrento: Coppola non tutelò l'Ente dai condizionamenti di pregiudicati ...,utilizzo_di_tiktok_da_parte_della_camorra/sistema_sorrento_la_relazione_choc_sui_clan_e_il_comune.txt,utilizzo_di_tiktok_da_parte_della_camorra.csv
18,Così la mafia si normalizza su TikTok,2025-10-23,https://lespresso.it/c/attualita/2025/10/23/mafia-social-tiktok-palermo-paolo-taormina-maranzano-omicidio/57745,"Come un brand, il crimine si autorappresenta sul web: fa proselitismo, sterilizza la violenza materiale nella rappresentazione e rende il suo prodotto ...",utilizzo_di_tiktok_da_parte_della_camorra/così_la_mafia_si_normalizza_su_tiktok.txt,utilizzo_di_tiktok_da_parte_della_camorra.csv
20,"Genny Panzuto e la camorra su TikTok, quando le mafie si autoraccontano sui social",2026-03-18,https://www.famigliacristiana.it/attualita/legalita-giustizia/genny-panzuto-influencer-camorra-tiktok-effetti-w4shdmcn,I rischi dell'uso di TikTok per raccontare la criminalità organizzata dall'interno. L'analisi del professor Marcello Ravveduto.,utilizzo_di_tiktok_da_parte_della_camorra/genny_panzuto_e_la_camorra_su_tiktok_quando_le_mafie_si_autoraccontano_sui_socia.txt,utilizzo_di_tiktok_da_parte_della_camorra.csv
24,Una Nakba senza fine: intervista a Francesca Albanese,2026-05-12,https://www.unive.it/web/it/15165/articolo/8310,"Così Francesca Albanese, Relatrice Speciale ONU sui territori palestinesi occupati, ha aperto il suo intervento a Ca' Foscari, al Campus di San Giobbe, lo ...Read more",utilizzo_di_tiktok_da_parte_della_camorra/una_nakba_senza_fine_intervista_a_francesca_albanese.txt,utilizzo_di_tiktok_da_parte_della_camorra.csv
30,Sguardi che educano: femminile in scena. Il caso TikTok di ‘Ginny la Stellina’,2025-11-13,https://www.radioglox.it/sguardi-che-educano-femminile-in-scena-il-caso-tiktok-di-ginny-la-stellina/,"Spesso nei video su TikTok la scena è riconoscibile: una madre che guida il racconto, una figlia al centro di [...]",utilizzo_di_tiktok_da_parte_della_camorra/sguardi_che_educano_femminile_in_scena_il_caso_tiktok_di_ginny_la_stellina.txt,utilizzo_di_tiktok_da_parte_della_camorra.csv
33,"Balletti, saluti romani, ""idiocracy"": chi comanda davvero TikTok?",2025-01-21,https://www.rollingstone.it/politica/attualita/balletti-saluti-romani-idiocracy-chi-comanda-davvero-tiktok/961104/,"Ieri, all'Inauguration Day del secondo mandato di Donald Trump, abbiamo visto la danza ben orchestrata di ""chi tiene in mano i fili"".",utilizzo_di_tiktok_da_parte_della_camorra/balletti_saluti_romani_idiocracy_chi_comanda_davvero_tiktok.txt,utilizzo_di_tiktok_da_parte_della_camorra.csv
41,Maltempo: si abbatte su danni da siccità con perdite di raccolto fino all'80%,2026-09-09,https://www.coldiretti.it/economia/maltempo-si-abbatte-su-danni-da-siccita-con-perdite-del-raccolto-fino-all80,"Centro Italia le temperature elevate e la carenza di piogge continuano a mettere sotto pressione seminativi, ortofrutta, vigneti, oliveti e foraggi. · Umbria ...Read more",utilizzo_di_tiktok_da_parte_della_camorra/maltempo_si_abbatte_su_danni_da_siccità_con_perdite_di_raccolto_fino_all_80.txt,utilizzo_di_tiktok_da_parte_della_camorra.csv
42,Festival Diffuso - 10 ottobre 2026 > Festival dell'Innovazione e della Scienza di Settimo Torinese,2026-09-14,https://www.innova7.it/festival-diffuso-10-ottobre-2026/,"LE REAZIONI UMANE TRA EMOZIONI, CONFLITTI E VIOLENZA. Spazio Silicio, Piazza della Libertà, Settimo Torinese. 10 ottobre. 11:00. Con Roberta Bruzzone, ...Read more",utilizzo_di_tiktok_da_parte_della_camorra/festival_diffuso_10_ottobre_2026_festival_dell_innovazione_e_della_scienza_di_se.txt,utilizzo_di_tiktok_da_parte_della_camorra.csv
45,"Gli influencer della mafia: ""I figli di Nicolino Grande Aracri sui social per affermare potere""",2024-02-08,https://www.ilrestodelcarlino.it/reggio-emilia/cronaca/gli-influencer-della-mafia-i-figli-di-nicolino-grande-aracri-sui-social-per-affermare-potere-483b158e,"Marcello Ravveduto, docente di Digital public history alle Università di Salerno e Unimore: ""Borderline è mettere la foto del papà che è in galera per ...",utilizzo_di_tiktok_da_parte_della_camorra/gli_influencer_della_mafia_i_figli_di_nicolino_grande_aracri_sui_social_per_affe.txt,utilizzo_di_tiktok_da_parte_della_camorra.csv; utilizzo_di_tiktok_da_parte_della_ndrangheta.csv
46,"Maria Antonietta e Colombre, anomalia pop contro la dittatura dei 15 secondi",2026-03-21,https://www.ilfoglio.it/musica/2026/03/21/news/maria-antonietta-e-colombre-anomalia-pop-contro-la-dittatura-dei-15-secondi--263449,"Dopo il successo di “La felicità e basta” a Sanremo, i due cantautori marchigiani portano in tour i brani dell'album “Luna di miele”.",utilizzo_di_tiktok_da_parte_della_camorra/maria_antonietta_e_colombre_anomalia_pop_contro_la_dittatura_dei_15_secondi.txt,utilizzo_di_tiktok_da_parte_della_camorra.csv
8,"Antonio Martella, Scrolling politics. La comunicazione politica all...",2024-12-01,https://journals.openedition.org/qds/7247,"by S Splendore · 2024 — TikTok ha le potenzialità per far sì che i contenuti abbiano una vita propria, indipendente da chi li crea e distribuisce. In questa prima parte del libro si ...Read more",utilizzo_di_tiktok_da_parte_di_cosa_nostra/antonio_martella_scrolling_politics_la_comunicazione_politica_all.txt,utilizzo_di_tiktok_da_parte_di_cosa_nostra.csv
12,Guarire dalla dipendenza da TikTok – Dipendenti da Internet e Tecnologia Anonimi,2025-04-20,https://internetaddictsanonymous.org/it/dipendenza-da-internet-e-tecnologia/dipendenza-dai-social-media/dipendenza-da-tiktok/,"Danneggiando il nostro potenziale, l'autostima e la qualità della vita, l'uso eccessivo di TikTok può compromettere la nostra vita. Inoltre, contribuendo ...Read more",utilizzo_di_tiktok_da_parte_di_cosa_nostra/guarire_dalla_dipendenza_da_tiktok_dipendenti_da_internet_e_tecnologia_anonimi.txt,utilizzo_di_tiktok_da_parte_di_cosa_nostra.csv
15,Come le mafie si muovono nell’era digitale - RSI,2025-10-23,https://www.rsi.ch/info/mondo/Come-le-mafie-si-muovono-nell%E2%80%99era-digitale--3220635.html,Presentato all'ONU uno studio sul modo in cui mafiosi e “mafiofili” usano i social media. Il rapporto include un'analisi del fenomeno in Svizzera.,utilizzo_di_tiktok_da_parte_di_cosa_nostra/come_le_mafie_si_muovono_nell_era_digitale_rsi.txt,utilizzo_di_tiktok_da_parte_di_cosa_nostra.csv
20,La Commissione europea accusa TikTok di creare dipendenza negli utenti,2026-02-06,https://www.ilsole24ore.com/art/la-commissione-europea-accusa-tiktok-creare-dipendenza-utenti-AIrhcVHB,La Commissione europea indaga su TikTok per violazioni del Digital Services Act. Possibili sanzioni fino al 6% del fatturato globale.,utilizzo_di_tiktok_da_parte_di_cosa_nostra/la_commissione_europea_accusa_tiktok_di_creare_dipendenza_negli_utenti.txt,utilizzo_di_tiktok_da_parte_di_cosa_nostra.csv
24,Social Media Trends: arriva la cultura della “vibe” - NOOO Agency,2025-10-27,https://www.noooagency.com/noooborders/social-media-trends-arriva-la-cultura-della-vibe/,"Il consumo di trend effimeri sta lasciando spazio a un fenomeno diverso: la cultura delle “vibe”, ovvero la costruzione di atmosfere e stati d'animo ...",utilizzo_di_tiktok_da_parte_di_cosa_nostra/social_media_trends_arriva_la_cultura_della_vibe_nooo_agency.txt,utilizzo_di_tiktok_da_parte_di_cosa_nostra.csv
26,TikTok per Consulenti Finanziari: Guida 2026,2026-05-27,https://www.mdonlineconsulting.com/blog-tiktok-consulente-finanziario.html,"TikTok per consulente finanziario nel 2026: cosa puoi pubblicare, cosa è vietato, come strutturare i contenuti. Guida pratica per CF italiani con focus.",utilizzo_di_tiktok_da_parte_di_cosa_nostra/tiktok_per_consulenti_finanziari_guida_2026.txt,utilizzo_di_tiktok_da_parte_di_cosa_nostra.csv
27,Trovata una casa per il piccolo Essa. Cinque piani di scale lo isolavano dal mondo - Progetto Arca,2025-02-11,https://www.progettoarca.org/trovata-una-casa-per-il-piccolo-essa-cinque-piani-di-scale-lo-isolavano-dal-mondo/,"Essa, affetto da una grave disabilità, non poteva più andare a scuola: cinque piani di scale lo separavano dal mondo. L'intervento di Progetto Arca.",utilizzo_di_tiktok_da_parte_di_cosa_nostra/trovata_una_casa_per_il_piccolo_essa_cinque_piani_di_scale_lo_isolavano_dal_mond.txt,utilizzo_di_tiktok_da_parte_di_cosa_nostra.csv
33,Come funziona TikTok: guida per principianti (2024) - Shopify Italia,2024-10-08,https://www.shopify.com/it/blog/tiktok,TikTok è una piattaforma di social media basata su video che consente agli utenti di creare video lunghi da cinque secondi fino a dieci minuti. TikTok è ...Read more,utilizzo_di_tiktok_da_parte_di_cosa_nostra/come_funziona_tiktok_guida_per_principianti_2024_shopify_italia.txt,utilizzo_di_tiktok_da_parte_di_cosa_nostra.csv
34,Informativa sulla privacy per TikTok Shop: come crearne una,2025-12-15,https://termly.io/it/risorse/articoli/privacy-policy-for-tiktok-shop/,Il tuo negozio TikTok dispone di una politica sulla privacy che spiega chiaramente come raccogli e utilizzi le informazioni dei tuoi clienti?Read more,utilizzo_di_tiktok_da_parte_di_cosa_nostra/informativa_sulla_privacy_per_tiktok_shop_come_crearne_una.txt,utilizzo_di_tiktok_da_parte_di_cosa_nostra.csv
37,Pixel di TikTok | TikTok Ads Manager,2026-10-01,https://ads.tiktok.com/resources/help/article/tiktok-pixel?lang=it,Il Pixel di TikTok è un frammento di codice che puoi aggiungere al tuo sito Web per consentire la condivisione degli eventi del sito Web con TikTok.Read more,utilizzo_di_tiktok_da_parte_di_cosa_nostra/pixel_di_tiktok_tiktok_ads_manager.txt,utilizzo_di_tiktok_da_parte_di_cosa_nostra.csv
38,Man of Honor ora disponibile | Mafia: The Old Country,2026-08-13,https://mafia.2k.com/it-IT/the-old-country/news/man-of-honor-out-now/,"Questa nuova espansione è inclusa in Mafia: The Omertà Collection e Mafia: The Old Country Definitive Edition, anche disponibili ora.",utilizzo_di_tiktok_da_parte_di_cosa_nostra/man_of_honor_ora_disponibile_mafia_the_old_country.txt,utilizzo_di_tiktok_da_parte_di_cosa_nostra.csv
39,Terms of Use | Butternut Box,2026-08-14,https://butternutbox.com/it-it/terms-of-use/2026?srsltid=AU7gw4WP9DUDJGB8A9BptDMpJKciG8E0jgnzAok5VdzGR8Y-HxjSMExV,"Spiega cosa sono queste tecnologie e perché le utilizziamo, nonché i tuoi diritti di controllarne l'uso da parte nostra. ... Utilizzato per tracciare le azioni ...Read more",utilizzo_di_tiktok_da_parte_di_cosa_nostra/terms_of_use_butternut_box.txt,utilizzo_di_tiktok_da_parte_di_cosa_nostra.csv
42,Cosa succede a TikTok in America. Facciamo chiarezza — Mediatrends,2024-04-21,https://www.mediatrends.it/cosa-succede-a-tiktok-in-america-facciamo-chiarezza/,La Camera dei rappresentanti ha approvato una legge che vieterebbe TikTok se ByteDance non dovesse vendere le proprie quote entro un anno.,utilizzo_di_tiktok_da_parte_di_cosa_nostra/cosa_succede_a_tiktok_in_america_facciamo_chiarezza_mediatrends.txt,utilizzo_di_tiktok_da_parte_di_cosa_nostra.csv
45,Caos TikTok: cosa sta accadendo negli Stati Uniti - Focus.it,2025-01-22,https://www.focus.it/tecnologia/tiktok-cosa-sta-accadendo-negli-stati-uniti,"Tempi duri per la piattaforma cinese più famosa al mondo. Prima il bando per oltre 170 milioni di utenti di TikTok, poi il dietrofront. Ecco cosa c'è ...",utilizzo_di_tiktok_da_parte_di_cosa_nostra/caos_tiktok_cosa_sta_accadendo_negli_stati_uniti_focus_it.txt,utilizzo_di_tiktok_da_parte_di_cosa_nostra.csv
46,"Dietro le quinte di Tiktok, Instagram, Spotify, YouTube, Netflix: come funzionano gli algoritmi che scelgono musica, film e video per te? | Rizzoli Education",2025-10-01,https://www.rizzolieducation.it/news/dietro-le-quinte-di-tiktok-instagram-spotify-youtube-netflix-come-funzionano-gli-algoritmi-che-scelgono-musica-film-e-video-per-te/,"Hai mai aperto Netflix alla fine di una lunga giornata, passando interi quarti d'ora a sfogliare il catalogo senza trovare nessuna serie e nessun film che ...",utilizzo_di_tiktok_da_parte_di_cosa_nostra/dietro_le_quinte_di_tiktok_instagram_spotify_youtube_netflix_come_funzionano_gli.txt,utilizzo_di_tiktok_da_parte_di_cosa_nostra.csv
47,Digital 2024 - i dati italiani - We Are Social Italy,2024-02-21,https://wearesocial.com/it/blog/2024/02/digital-2024-i-dati-italiani/,"online l'edizione italiana di ""Digital 2024"", il report annuale di We Are Social che analizza i cambiamenti nell'utilizzo delle piattaforme digital e ...",utilizzo_di_tiktok_da_parte_di_cosa_nostra/digital_2024_i_dati_italiani_we_are_social_italy.txt,utilizzo_di_tiktok_da_parte_di_cosa_nostra.csv
48,"L'Ue: TikTok ""crea dipendenza"", viola regole sui contenuti digitali - Il Sole 24 ORE",2026-02-06,https://stream24.ilsole24ore.com/video/mondo/l-ue-tiktok-crea-dipendenza-viola-regole-contenuti-digitali/AIicdHIB,,utilizzo_di_tiktok_da_parte_di_cosa_nostra/l_ue_tiktok_crea_dipendenza_viola_regole_sui_contenuti_digitali_il_sole_24_ore.txt,utilizzo_di_tiktok_da_parte_di_cosa_nostra.csv
6,"Presentato il volume “Mafia tra continuità e mutamento. Analisi, esperienze, narrazioni”",2025-03-11,https://www.unime.it/notizie/presentato-il-volume-mafia-tra-continuita-e-mutamento-analisi-esperienze-narrazioni,"Dal libro, suddiviso in quattro parti dedicate all'approccio storico sul tema, al ruolo della donna nelle mafie, alla legislazione antimafia, agli interessi ...Read more",utilizzo_di_tiktok_da_parte_della_ndrangheta/presentato_il_volume_mafia_tra_continuità_e_mutamento_analisi_esperienze_narrazi.txt,utilizzo_di_tiktok_da_parte_della_ndrangheta.csv
8,Nicaso: «Presto la 'ndrangheta avrà una strategia per l'utilizzo dei social» - Il Quotidiano del Sud,2024-09-24,https://www.quotidianodelsud.it/calabria/crotone/cronache/criminalita/2024/09/24/nicaso-presto-la-ndrangheta-avra-una-strategia-per-lutilizzo-dei-social,"Professor Nicaso, Tik Tok è stata finora la piattaforma prediletta dalla camorra, ma a quanto pare neanche la 'ndrangheta disdegna l'estetica dell'appartenenza ...Read more",utilizzo_di_tiktok_da_parte_della_ndrangheta/nicaso_presto_la_ndrangheta_avrà_una_strategia_per_l_utilizzo_dei_social_il_quot.txt,utilizzo_di_tiktok_da_parte_della_ndrangheta.csv
11,"Quando scatta il Codice Rosso: tutela immediata, misure urgenti e punti critici per la difesa. Avvocato penalista Milano",2025-11-11,https://www.studiopenaleboccia.it/tags/maltrattamenti-in-famiglia/,Reati di Associazione a Delinquere e Associazione di Tipo Mafioso · reato di associazione a delinquere · reato di associazione di tipo mafioso · mafia · art.Read more,utilizzo_di_tiktok_da_parte_della_ndrangheta/quando_scatta_il_codice_rosso_tutela_immediata_misure_urgenti_e_punti_critici_pe.txt,utilizzo_di_tiktok_da_parte_della_ndrangheta.csv
13,"Relazione antimafia in Consiglio: “Nessuna prova di legami diretti, ma servono nuovi strumenti di prevenzione”",2026-05-14,https://www.sanmarinortv.sm/news/politica-c2/relazione-antimafia-in-consiglio-nessuna-prova-di-legami-diretti-ma-servono-nuovi-strumenti-di-prevenzione-a290479,"della persona, con “fenomeni fraudolenti”, distorsioni commerciali e operazioni sospette che in alcuni casi richiamano ambienti riconducibili alla 'ndrangheta.Read more",utilizzo_di_tiktok_da_parte_della_ndrangheta/relazione_antimafia_in_consiglio_nessuna_prova_di_legami_diretti_ma_servono_nuov.txt,utilizzo_di_tiktok_da_parte_della_ndrangheta.csv
16,"Giffoni, al via ""The impossible things"", la 56esima edizione del Giffoni Film Festival - DifferenteMente",2026-07-09,https://www.differentemente.info/2026/07/09/giffoni-al-via-the-impossible-things-la-56esima-edizione-del-giffoni-film-festival/,"Il film, ispirato dalla vicenda reale di Antonino Bartuccio, ex sindaco di Rizziconi che ha sfidato la 'ndrangheta, racconta la storia di Tommaso, un ...Read more",utilizzo_di_tiktok_da_parte_della_ndrangheta/giffoni_al_via_the_impossible_things_la_56esima_edizione_del_giffoni_film_festiv.txt,utilizzo_di_tiktok_da_parte_della_ndrangheta.csv
20,RIVAROLO CANAVESE – Per non dimenticare le vittime delle mafie,2024-03-13,https://www.obiettivonews.it/2024/03/13/rivarolo-canavese-per-non-dimenticare-le-vittime-delle-mafie/,del 26 giugno 1983 da sicari della 'ndrangheta. La mostra sarà visitabile nei giorni lunedì e venerdì dalle 9.30 alle 12.30 – il mercoledì dalle 9.30 alle ...Read more,utilizzo_di_tiktok_da_parte_della_ndrangheta/rivarolo_canavese_per_non_dimenticare_le_vittime_delle_mafie.txt,utilizzo_di_tiktok_da_parte_della_ndrangheta.csv
23,"La rivolta dei detenuti a Pisa, 'è un carcere disumano' - Notizie - Ansa.it",2026-10-01,https://www.ansa.it/sito/notizie/cronaca/2026/10/01/detenuti-in-rivolta-a-pisa-protesta-rientrata-stamani_2a079f84-cb0a-4f32-90b7-56d3c3d2d39d.html,I leader della protesta hanno anche documentato con prolungate live su TikTok la rivolta girando immagini anche dei colloqui con la direzione carceraria ...Read more,utilizzo_di_tiktok_da_parte_della_ndrangheta/la_rivolta_dei_detenuti_a_pisa_è_un_carcere_disumano_notizie_ansa_it.txt,utilizzo_di_tiktok_da_parte_della_ndrangheta.csv
26,"La morte di Denise Cosco, Cutrò: “Testimoni di giustizia abbandonati dallo Stato”",2026-09-11,https://www.agrigentonotizie.it/cronaca/mafia/morte-denise-cosco-cutro-testimoni-giustizia-abbandonati.html,"Nei giorni scorsi poi, la diffamazione. Su TikTok un uomo gli ha dato del “boss e pentito”. Adesso spetterà ai militari dell'Arma tentare di dare una precisa ...Read more",utilizzo_di_tiktok_da_parte_della_ndrangheta/la_morte_di_denise_cosco_cutrò_testimoni_di_giustizia_abbandonati_dallo_stato.txt,utilizzo_di_tiktok_da_parte_della_ndrangheta.csv
43,"Scuola, la vicepresidente Ferro visita gli istituti genovesi per l'inizio delle lezioni",2026-09-14,https://it.blastingnews.com/cronaca/2026/09/scuola-la-vicepresidente-ferro-visita-gli-istituti-genovesi-per-linizio-delle-lezioni-004131509.html,"Video del Giorno: 'Ndrangheta, droga tra Italia e Brasile: 8 arresti, colpito il clan Assisi ... di Genova, offrendo un segnale tangibile della vicinanza della ...",utilizzo_di_tiktok_da_parte_della_ndrangheta/scuola_la_vicepresidente_ferro_visita_gli_istituti_genovesi_per_l_inizio_delle_l.txt,utilizzo_di_tiktok_da_parte_della_ndrangheta.csv
46,"Vino: più trasparenza, meno burocrazia, ora servono le risorse",2026-01-14,https://www.coldiretti.it/economia/pacchetto-vino-piu-trasparenza-meno-burocrazia-ora-servono-le-risorse,"ndrangheta, neet, negozi, negramaro, nei mercati e su internet, Nel Mondo, Nel ... Ecco perché il via libera al pacchetto vino da parte della Commissione ...",utilizzo_di_tiktok_da_parte_della_ndrangheta/vino_più_trasparenza_meno_burocrazia_ora_servono_le_risorse.txt,utilizzo_di_tiktok_da_parte_della_ndrangheta.csv
51,Femminicidi,2026-02-12,https://www.actionaid.it/press-area/femminicidi/,"25mila persone chiedono dati aperti, accessibili e dettagliati sulla violenza maschile contro le donne. #DatiBeneComune, D.I.Re. e Period Think Tank ...Read more",utilizzo_di_tiktok_da_parte_della_ndrangheta/femminicidi.txt,utilizzo_di_tiktok_da_parte_della_ndrangheta.csv
69,"Mafia e tatuaggi, il nuovo codice: dalle bandiere alle labbra rosse",2025-03-23,https://www.lasicilia.it/news/caltanissetta/2445541/mafia-e-tatuaggi-il-nuovo-codice-dalle-bandiere-alle-labbra-rosse.html,Sono molti gli affiliati ai clan dei Carateddi che per ostentare da che parte della barricata stanno hanno deciso di “marchiarsi” con la bandiera americana.Read more,utilizzo_di_tiktok_da_parte_della_ndrangheta/mafia_e_tatuaggi_il_nuovo_codice_dalle_bandiere_alle_labbra_rosse.txt,utilizzo_di_tiktok_da_parte_della_ndrangheta.csv
71,Rino Pruiti - Sindaco di Buccinasco (MI),2026-09-03,https://www.rinopruiti.it/page/2/,Domenico Papalia è morto dopo 49 anni di carcere. Una figura centrale della 'ndrangheta che per decenni ha segnato anche la storia criminale del nostro ...,utilizzo_di_tiktok_da_parte_della_ndrangheta/rino_pruiti_sindaco_di_buccinasco_mi.txt,utilizzo_di_tiktok_da_parte_della_ndrangheta.csv
73,Rama quater con i rivali fuori gioco,2025-05-08,https://lespresso.it/c/mondo/2025/5/8/edi-rama-elezioni-albania-rivali-fuori-gioco-via-giudiziaria/54133,"Domenica 11 maggio, il leader socialista verso il quarto mandato. Decisivo il voto della diaspora. Avversari ma anche amici, come il sindaco di Tirana, ...",utilizzo_di_tiktok_da_parte_della_ndrangheta/rama_quater_con_i_rivali_fuori_gioco.txt,utilizzo_di_tiktok_da_parte_della_ndrangheta.csv
3,"Trepuzzi (LE), ancora auto in fiamme e il sindaco scrive al Prefetto",2025-01-26,https://www.antennasud.com/trepuzzi-le-ancora-auto-in-fiamme-e-il-sindaco-scrive-al-prefetto/,"Trepuzzi (LE) – Terza auto in fiamme a Trepuzzi in una settimana. Attorno alle 4.30 del 25 gennaio, infatti, in via Enrico Fermi si è reso necessario ...Read more",utilizzo_di_tiktok_da_parte_della_sacra_corona_unita/trepuzzi_le_ancora_auto_in_fiamme_e_il_sindaco_scrive_al_prefetto.txt,utilizzo_di_tiktok_da_parte_della_sacra_corona_unita.csv
5,Ritrovata la tomba di un faraone sconosciuto: nuovo indizio su una dinastia perduta risalente a oltre 3.600 anni fa,2025-04-07,https://reccom.org/tomba-faraone-sconosciuto-luce-dinastia-perduta/,Archeologia e Storia Ritrovata la tomba di un faraone sconosciuto: nuovo indizio su una dinastia perduta risalente a oltre 3.600 anni fa,utilizzo_di_tiktok_da_parte_della_sacra_corona_unita/ritrovata_la_tomba_di_un_faraone_sconosciuto_nuovo_indizio_su_una_dinastia_perdu.txt,utilizzo_di_tiktok_da_parte_della_sacra_corona_unita.csv
6,Recensione Huawei Watch GT 6 Pro,2025-10-13,https://topgamesitalia.com/recensione-huawei-watch-gt-6-pro/,Stanco di ricaricare il tuo smartwatch ogni giorno? Scopri la nostra recensione completa del Huawei Watch GT 6 Pro. Non perdere l'occasione!,utilizzo_di_tiktok_da_parte_della_sacra_corona_unita/recensione_huawei_watch_gt_6_pro.txt,utilizzo_di_tiktok_da_parte_della_sacra_corona_unita.csv
35,Presto diremo addio a due delle suv più vendute in Italia,2023-10-19,https://www.alvolante.it/news/fiat-500x-jeep-renegade-usciranno-di-produzione-389095,"Si sa, in Sicilia c'è la Mafia, e in Basilicata la Sacra Corona Unita. Uhh ... parte della gente vive di buste paga e che queste sono basse. Come si fa ...",utilizzo_di_tiktok_da_parte_della_sacra_corona_unita/presto_diremo_addio_a_due_delle_suv_più_vendute_in_italia.txt,utilizzo_di_tiktok_da_parte_della_sacra_corona_unita.csv
51,ACQUA,2026-05-15,https://www.erboristeriarcobaleno.it/acqua-2/,"Eppure, da più parti la pratica della clorazione delle acque ad uso domestico solleva perplessità. ... del valore in Ohm (unità di misura della resistività).Read more",utilizzo_di_tiktok_da_parte_della_sacra_corona_unita/acqua.txt,utilizzo_di_tiktok_da_parte_della_sacra_corona_unita.csv
53,La Sagrada Familia - Lallero,2024-07-24,https://www.lallero.it/europa/spagna/la-sagrada-familia/,di farsi promotore della costruzione di un tempio di espiazione dedicato alla Sacra Famiglia. ... da gran parte della città di Barcellona. L'importanza dei ...Read more,utilizzo_di_tiktok_da_parte_della_sacra_corona_unita/la_sagrada_familia_lallero.txt,utilizzo_di_tiktok_da_parte_della_sacra_corona_unita.csv
56,Comunicati Stampa Archivi - Pinksummer Contemporary Art,2024-11-26,https://www.pinksummer.com/category/comunicati-stampa/,"A Genova, in palazzo Ducale, nella vostra sede, intervengo su questo, sull'urgenza da parte dei collezionisti di acquistare un lavoro e sostenere lo sviluppo ...Read more",utilizzo_di_tiktok_da_parte_della_sacra_corona_unita/comunicati_stampa_archivi_pinksummer_contemporary_art.txt,utilizzo_di_tiktok_da_parte_della_sacra_corona_unita.csv
65,Il filo invisibile della Scure: perché il blitz nel Nord Salento ci riguarda tutti,2026-05-26,https://www.antennasud.com/il-filo-invisibile-della-scure-perche-il-blitz-nel-nord-salento-ci-riguarda-tutti/,Ora spetta alla parte sana di questa terra riprendersi quegli spazi ... di polvere da sparo e di rituali arcaici. La battaglia contro la Sacra Corona Unita ...Read more,utilizzo_di_tiktok_da_parte_della_sacra_corona_unita/il_filo_invisibile_della_scure_perché_il_blitz_nel_nord_salento_ci_riguarda_tutt.txt,utilizzo_di_tiktok_da_parte_della_sacra_corona_unita.csv
70,Aggiornamento 1.1.1 | Sid Meier's Civilization VII,2026-08-13,https://civilization.2k.com/it-IT/civ-vii/game-update-notes/2025-mar-25-patch-1-1-1/,Parte integrante dei nostri sforzi per rendere le mappe di Civ VII ... di salute ancora più facili da leggere inserendoli anche nel pannello delle unità!Read more,utilizzo_di_tiktok_da_parte_della_sacra_corona_unita/aggiornamento_1_1_1_sid_meier_s_civilization_vii.txt,utilizzo_di_tiktok_da_parte_della_sacra_corona_unita.csv
71,25 Aprile – 80 anni di Libertà,2025-04-25,https://www.gsartecucina.it/2025/04/25/25-aprile-80-anni-di-liberta/,Utilizzo da parte di Medici di Medicina Generale e Pediatri di Libera Scelta. ... Dopo la deposizione da parte del Capo dello Stato di una corona sulla lapide ...Read more,utilizzo_di_tiktok_da_parte_della_sacra_corona_unita/25_aprile_80_anni_di_libertà.txt,utilizzo_di_tiktok_da_parte_della_sacra_corona_unita.csv
74,Petra Giordania: viaggio nella città nabatea e nel deserto ignoto,2025-10-21,https://www.valigia.blog/petra-giordania-guida-completa-al-deserto-ignoto/,Sali verso il punto panoramico superiore attraverso un sentiero ripido che parte dal lato destro del Tesoro (richiede circa quaranta minuti di arrampicata). Da ...Read more,utilizzo_di_tiktok_da_parte_della_sacra_corona_unita/petra_giordania_viaggio_nella_città_nabatea_e_nel_deserto_ignoto.txt,utilizzo_di_tiktok_da_parte_della_sacra_corona_unita.csv
77,"Wiktionary:Frequency lists/Italian50k - Wiktionary, the free dictionary",2024-01-07,https://en.wiktionary.org/wiki/Wiktionary:Frequency_lists/Italian50k,"This Italian frequency list is based on one prepared offline by User:Hermitd, see FrequencyWords on GitHub. Currently this is the 2018 it_50k list.Read more",utilizzo_di_tiktok_da_parte_della_sacra_corona_unita/wiktionary_frequency_lists_italian50k_wiktionary_the_free_dictionary.txt,utilizzo_di_tiktok_da_parte_della_sacra_corona_unita.csv
78,"Japamala: significato, storia e come usarla | Amoessere",2024-06-30,https://www.amoesserecreations.com/blogs/notizie/il-sacro-japamala?srsltid=AU7gw4WbQZkd16vYWN-obJ4f7h6nr5R6Np2L1SCPQrgpqEsezeys-_K3,"corona di perle di molte tradizioni. Come se l'essere umano, in ogni parte del mondo, avesse intuito il potere di uno strumento tattile per accompagnare la ...Read more",utilizzo_di_tiktok_da_parte_della_sacra_corona_unita/japamala_significato_storia_e_come_usarla_amoessere.txt,utilizzo_di_tiktok_da_parte_della_sacra_corona_unita.csv
80,Dossier: Rassegna Stampa,2026-06-24,https://www.messinaantiusura.it/dossier/rassegna-stampa/page/11/,"Individuato un altro dei favoreggiatori – secondo gli inquirenti – della latitanza di Matteo Messina Denaro. ... Sacra Corona Unita, Sequestro armi e droga ...Read more",utilizzo_di_tiktok_da_parte_della_sacra_corona_unita/dossier_rassegna_stampa.txt,utilizzo_di_tiktok_da_parte_della_sacra_corona_unita.csv
84,Degli svizzeri cliccano un link e ricevono minacce di morte dalla mafia,2024-01-13,https://www.bluewin.ch/it/attualita/diversi/degli-svizzeri-cliccano-un-link-e-ricevono-minacce-di-morte-dalla-mafia-2040249.html,Hai fretta? blue News riassume per te. La polizia di Basilea Campagna mette in guardia da una truffa. Delle persone hanno ricevuto minacce di morte su ...Read more,utilizzo_di_tiktok_da_parte_della_sacra_corona_unita/degli_svizzeri_cliccano_un_link_e_ricevono_minacce_di_morte_dalla_mafia.txt,utilizzo_di_tiktok_da_parte_della_sacra_corona_unita.csv
92,TV Sorrisi e Canzoni N.44 - 24 Ottobre 2023_S,2026-10-02,https://it.scribd.com/document/722790373/TV-Sorrisi-e-Canzoni-N-44-24-Ottobre-2023-S,"TikTok con terraggio della navetta Apollo sassinare l'impresario che, a ... della figlioletta di dieci anni da parte del di prima serata dedicato all ...Read more",utilizzo_di_tiktok_da_parte_della_sacra_corona_unita/tv_sorrisi_e_canzoni_n_44_24_ottobre_2023_s.txt,utilizzo_di_tiktok_da_parte_della_sacra_corona_unita.csv
94,News x XML | Oggi Treviso | News,2026-10-02,https://www.oggitreviso.it/news-x-xml?page=37,"TREVISO - Mercoledì 6 marzo, poco prima di mezzogiorno, un ragazzo di 15 anni è stato vittima di una rapina da parte di una gang di minorenni nei pressi del ...Read more",utilizzo_di_tiktok_da_parte_della_sacra_corona_unita/news_x_xml_oggi_treviso_news.txt,utilizzo_di_tiktok_da_parte_della_sacra_corona_unita.csv
102,La Storia di Final Fantasy completa,2025-09-22,https://topgamesitalia.com/la-storia-di-final-fantasy-completa/,"L'inizio della leggenda. Square alle origini: da un locale per studenti a software house. La storia parte nei primi anni '80, quando Masafumi ...",utilizzo_di_tiktok_da_parte_della_sacra_corona_unita/la_storia_di_final_fantasy_completa.txt,utilizzo_di_tiktok_da_parte_della_sacra_corona_unita.csv
106,Blog | Colosimo mappa i clan di Latina: chissà cos'ha da dire sulle indagini sull'ex tesoriere FdI - Il Fatto Quotidiano,2023-11-16,https://www.ilfattoquotidiano.it/2023/11/16/colosimo-mappa-i-clan-di-latina-chissa-cosha-da-dire-sulle-indagini-sullex-tesoriere-fdi/7355311/,Sacra Corona Unita · Mafie Export · Mafie. Opinioni dal Blog. 16 Novembre 2023. Ultimo aggiornamento: 17:26 del 16 Novembre 2023. Colosimo mappa i ...,utilizzo_di_tiktok_da_parte_della_sacra_corona_unita/blog_colosimo_mappa_i_clan_di_latina_chissà_cos_ha_da_dire_sulle_indagini_sull_e.txt,utilizzo_di_tiktok_da_parte_della_sacra_corona_unita.csv
107,Notizie Novembre 2025,2025-12-01,https://www.gsartecucina.it/2025/12/01/notizie-novembre-2025/,"Ma le accuse di: è falso e vergogna, da parte del ministro non sono reali, impedire la libertà di essere consapevoli di una adeguata educazione sessuale, ...",utilizzo_di_tiktok_da_parte_della_sacra_corona_unita/notizie_novembre_2025.txt,utilizzo_di_tiktok_da_parte_della_sacra_corona_unita.csv
