posizione,titolo,data_pubblicazione,url,descrizione,file_testo
1,"I mafiosi sono virali su TikTok, perché hanno capito come sfruttare l'algoritmo per farsi propaganda online",2025-10-16,https://www.wired.it/article/mafia-tiktok-video-emoji-trucchi-algoritmo/,"TikTok è diventato per i narcos messicani una vetrina per costruire un'immagine glamour e reclutare nuovi adepti, trasformando la violenza in spettacolo.Read more",utilizzo_di_tiktok_da_parte_della_ndrangheta/i_mafiosi_sono_virali_su_tiktok_perché_hanno_capito_come_sfruttare_l_algoritmo_p.txt
3,Matrimoni tra clan mafiosi: uno studio di Milano-Bicocca rivela il loro ruolo strategico,2026-05-07,https://www.unimib.it/comunicati/matrimoni-clan-mafiosi-studio-milano-bicocca-rivela-loro-ruolo-strategico,"L'analisi ha mostrato che le 'ndrine più potenti occupano posizioni centrali nella rete matrimoniale della 'Ndrangheta, godendo di privilegi quali molteplici ...Read more",utilizzo_di_tiktok_da_parte_della_ndrangheta/matrimoni_tra_clan_mafiosi_uno_studio_di_milano_bicocca_rivela_il_loro_ruolo_str.txt
5,Gratteri all’Onu: serve una rete globale contro il cybercrime,2024-04-05,https://www.ilsole24ore.com/art/gratteri-all-onu-serve-rete-globale-contro-cybercrime-AFEa75LD,Il magistrato italiano al Palazzo di Vetro denuncia la pervasività della criminalità organizzata sulla Rete e il ritardo sui reati commessi nel Dark Web.,utilizzo_di_tiktok_da_parte_della_ndrangheta/gratteri_all_onu_serve_una_rete_globale_contro_il_cybercrime.txt
6,"Presentato il volume “Mafia tra continuità e mutamento. Analisi, esperienze, narrazioni”",2025-03-11,https://www.unime.it/notizie/presentato-il-volume-mafia-tra-continuita-e-mutamento-analisi-esperienze-narrazioni,"Dal libro, suddiviso in quattro parti dedicate all'approccio storico sul tema, al ruolo della donna nelle mafie, alla legislazione antimafia, agli interessi ...Read more",utilizzo_di_tiktok_da_parte_della_ndrangheta/presentato_il_volume_mafia_tra_continuità_e_mutamento_analisi_esperienze_narrazi.txt
8,Nicaso: «Presto la 'ndrangheta avrà una strategia per l'utilizzo dei social» - Il Quotidiano del Sud,2024-09-24,https://www.quotidianodelsud.it/calabria/crotone/cronache/criminalita/2024/09/24/nicaso-presto-la-ndrangheta-avra-una-strategia-per-lutilizzo-dei-social,"Professor Nicaso, Tik Tok è stata finora la piattaforma prediletta dalla camorra, ma a quanto pare neanche la 'ndrangheta disdegna l'estetica dell'appartenenza ...Read more",utilizzo_di_tiktok_da_parte_della_ndrangheta/nicaso_presto_la_ndrangheta_avrà_una_strategia_per_l_utilizzo_dei_social_il_quot.txt
11,"Quando scatta il Codice Rosso: tutela immediata, misure urgenti e punti critici per la difesa. Avvocato penalista Milano",2025-11-11,https://www.studiopenaleboccia.it/tags/maltrattamenti-in-famiglia/,Reati di Associazione a Delinquere e Associazione di Tipo Mafioso · reato di associazione a delinquere · reato di associazione di tipo mafioso · mafia · art.Read more,utilizzo_di_tiktok_da_parte_della_ndrangheta/quando_scatta_il_codice_rosso_tutela_immediata_misure_urgenti_e_punti_critici_pe.txt
13,"Relazione antimafia in Consiglio: “Nessuna prova di legami diretti, ma servono nuovi strumenti di prevenzione”",2026-05-14,https://www.sanmarinortv.sm/news/politica-c2/relazione-antimafia-in-consiglio-nessuna-prova-di-legami-diretti-ma-servono-nuovi-strumenti-di-prevenzione-a290479,"della persona, con “fenomeni fraudolenti”, distorsioni commerciali e operazioni sospette che in alcuni casi richiamano ambienti riconducibili alla 'ndrangheta.Read more",utilizzo_di_tiktok_da_parte_della_ndrangheta/relazione_antimafia_in_consiglio_nessuna_prova_di_legami_diretti_ma_servono_nuov.txt
16,"Giffoni, al via ""The impossible things"", la 56esima edizione del Giffoni Film Festival - DifferenteMente",2026-07-09,https://www.differentemente.info/2026/07/09/giffoni-al-via-the-impossible-things-la-56esima-edizione-del-giffoni-film-festival/,"Il film, ispirato dalla vicenda reale di Antonino Bartuccio, ex sindaco di Rizziconi che ha sfidato la 'ndrangheta, racconta la storia di Tommaso, un ...Read more",utilizzo_di_tiktok_da_parte_della_ndrangheta/giffoni_al_via_the_impossible_things_la_56esima_edizione_del_giffoni_film_festiv.txt
20,RIVAROLO CANAVESE – Per non dimenticare le vittime delle mafie,2024-03-13,https://www.obiettivonews.it/2024/03/13/rivarolo-canavese-per-non-dimenticare-le-vittime-delle-mafie/,del 26 giugno 1983 da sicari della 'ndrangheta. La mostra sarà visitabile nei giorni lunedì e venerdì dalle 9.30 alle 12.30 – il mercoledì dalle 9.30 alle ...Read more,utilizzo_di_tiktok_da_parte_della_ndrangheta/rivarolo_canavese_per_non_dimenticare_le_vittime_delle_mafie.txt
21,"Gli influencer della mafia: ""I figli di Nicolino Grande Aracri sui social per affermare potere""",2024-02-08,https://www.ilrestodelcarlino.it/reggio-emilia/cronaca/gli-influencer-della-mafia-i-figli-di-nicolino-grande-aracri-sui-social-per-affermare-potere-483b158e,"Oggi le mafie costruiscono la percezione di ciò che rappresentano. TikTok, in particolare, ha un facile utilizzo, anche anonimo. I giovani dei clan esibiscono ...Read more",utilizzo_di_tiktok_da_parte_della_ndrangheta/gli_influencer_della_mafia_i_figli_di_nicolino_grande_aracri_sui_social_per_affe.txt
23,"La rivolta dei detenuti a Pisa, 'è un carcere disumano' - Notizie - Ansa.it",2026-10-01,https://www.ansa.it/sito/notizie/cronaca/2026/10/01/detenuti-in-rivolta-a-pisa-protesta-rientrata-stamani_2a079f84-cb0a-4f32-90b7-56d3c3d2d39d.html,I leader della protesta hanno anche documentato con prolungate live su TikTok la rivolta girando immagini anche dei colloqui con la direzione carceraria ...Read more,utilizzo_di_tiktok_da_parte_della_ndrangheta/la_rivolta_dei_detenuti_a_pisa_è_un_carcere_disumano_notizie_ansa_it.txt
26,"La morte di Denise Cosco, Cutrò: “Testimoni di giustizia abbandonati dallo Stato”",2026-09-11,https://www.agrigentonotizie.it/cronaca/mafia/morte-denise-cosco-cutro-testimoni-giustizia-abbandonati.html,"Nei giorni scorsi poi, la diffamazione. Su TikTok un uomo gli ha dato del “boss e pentito”. Adesso spetterà ai militari dell'Arma tentare di dare una precisa ...Read more",utilizzo_di_tiktok_da_parte_della_ndrangheta/la_morte_di_denise_cosco_cutrò_testimoni_di_giustizia_abbandonati_dallo_stato.txt
30,SCICO Guardia di Finanza: il Reparto Speciale contro la criminalità organizzata,2025-01-02,https://www.nissolinocorsi.it/scico-guardia-di-finanza/,L'attività principale dell'unità è quella di investigazione e contrasto ad attività illegali messe in atto da organizzazioni criminali di stampo nazionale e ...Read more,utilizzo_di_tiktok_da_parte_della_ndrangheta/scico_guardia_di_finanza_il_reparto_speciale_contro_la_criminalità_organizzata.txt
43,"Scuola, la vicepresidente Ferro visita gli istituti genovesi per l'inizio delle lezioni",2026-09-14,https://it.blastingnews.com/cronaca/2026/09/scuola-la-vicepresidente-ferro-visita-gli-istituti-genovesi-per-linizio-delle-lezioni-004131509.html,"Video del Giorno: 'Ndrangheta, droga tra Italia e Brasile: 8 arresti, colpito il clan Assisi ... di Genova, offrendo un segnale tangibile della vicinanza della ...",utilizzo_di_tiktok_da_parte_della_ndrangheta/scuola_la_vicepresidente_ferro_visita_gli_istituti_genovesi_per_l_inizio_delle_l.txt
46,"Vino: più trasparenza, meno burocrazia, ora servono le risorse",2026-01-14,https://www.coldiretti.it/economia/pacchetto-vino-piu-trasparenza-meno-burocrazia-ora-servono-le-risorse,"ndrangheta, neet, negozi, negramaro, nei mercati e su internet, Nel Mondo, Nel ... Ecco perché il via libera al pacchetto vino da parte della Commissione ...",utilizzo_di_tiktok_da_parte_della_ndrangheta/vino_più_trasparenza_meno_burocrazia_ora_servono_le_risorse.txt
51,Femminicidi,2026-02-12,https://www.actionaid.it/press-area/femminicidi/,"25mila persone chiedono dati aperti, accessibili e dettagliati sulla violenza maschile contro le donne. #DatiBeneComune, D.I.Re. e Period Think Tank ...Read more",utilizzo_di_tiktok_da_parte_della_ndrangheta/femminicidi.txt
55,I nuovi strumenti nelle mani delle mafie del terzo millennio - Intervista a Vincenzo Musacchio,2024-04-20,https://www.rainews.it/articoli/2024/04/bitcoin-dark-web-nanotecnologie-droni-e-intelligenza-artificiale-nuovi-strumenti-nelle-mani-delle-mafie-del-terzo-millennio---intervista-a-vincenzo-musacchio-82e70793-a08d-47dd-961d-fe0e83c0a41f.html,Il criminologo Vincenzo Musacchio: “Le mafie moderne sono già all'avanguardia con l'utilizzo delle nuove tecnologie nella gestione delle attività criminali ...Read more,utilizzo_di_tiktok_da_parte_della_ndrangheta/i_nuovi_strumenti_nelle_mani_delle_mafie_del_terzo_millennio_intervista_a_vincen.txt
69,"Mafia e tatuaggi, il nuovo codice: dalle bandiere alle labbra rosse",2025-03-23,https://www.lasicilia.it/news/caltanissetta/2445541/mafia-e-tatuaggi-il-nuovo-codice-dalle-bandiere-alle-labbra-rosse.html,Sono molti gli affiliati ai clan dei Carateddi che per ostentare da che parte della barricata stanno hanno deciso di “marchiarsi” con la bandiera americana.Read more,utilizzo_di_tiktok_da_parte_della_ndrangheta/mafia_e_tatuaggi_il_nuovo_codice_dalle_bandiere_alle_labbra_rosse.txt
71,Rino Pruiti - Sindaco di Buccinasco (MI),2026-09-03,https://www.rinopruiti.it/page/2/,Domenico Papalia è morto dopo 49 anni di carcere. Una figura centrale della 'ndrangheta che per decenni ha segnato anche la storia criminale del nostro ...,utilizzo_di_tiktok_da_parte_della_ndrangheta/rino_pruiti_sindaco_di_buccinasco_mi.txt
73,Rama quater con i rivali fuori gioco,2025-05-08,https://lespresso.it/c/mondo/2025/5/8/edi-rama-elezioni-albania-rivali-fuori-gioco-via-giudiziaria/54133,"Domenica 11 maggio, il leader socialista verso il quarto mandato. Decisivo il voto della diaspora. Avversari ma anche amici, come il sindaco di Tirana, ...",utilizzo_di_tiktok_da_parte_della_ndrangheta/rama_quater_con_i_rivali_fuori_gioco.txt
